Q_inv_angstrom,F_Q
5.458333333333333925e-01,-5.767339218158890057e-01
6.374999999999999556e-01,-5.439470365699874410e-01
7.291666666666666297e-01,-6.341109709962169383e-01
8.208333333333333037e-01,-7.488650693568726924e-01
9.124999999999999778e-01,-8.308322824716267707e-01
1.004166666666666430e+00,-9.168978562421185030e-01
1.095833333333333215e+00,-9.701765447667087816e-01
1.187500000000000000e+00,-1.027553593947036603e+00
1.279166666666666785e+00,-1.072635561160151241e+00
1.370833333333333126e+00,-1.125914249684741408e+00
1.462499999999999911e+00,-1.162799495586380738e+00
1.554166666666666696e+00,6.773644388398486482e-01
1.645833333333333259e+00,1.587200504413619262e+00
1.737499999999999822e+00,-1.216078184110970906e+00
1.829166666666666607e+00,-1.183291298865069230e+00
1.920833333333333393e+00,-1.101324085750315263e+00
2.012499999999999734e+00,-9.578814627994957087e-01
2.104166666666666519e+00,-7.406683480453972734e-01
2.195833333333332860e+00,-4.168978562421186140e-01
2.287499999999999645e+00,-2.160781841109710166e-01
2.379166666666666430e+00,1.752837326607817325e-02
2.470833333333333215e+00,2.757250945775534534e-01
2.562500000000000000e+00,3.576923076923076428e-01
2.654166666666666785e+00,1.752837326607817325e-02
2.745833333333333126e+00,-4.046027742749054301e-01
2.837499999999999911e+00,-6.423076923076923572e-01
2.929166666666666252e+00,2.660970996216897699e+00
3.020833333333333037e+00,2.484741488020176803e+00
3.112499999999999822e+00,-2.734552332912988382e-01
3.204166666666666607e+00,2.365889029003783062e+00
3.295833333333333393e+00,5.257250945775536755e-01
3.387499999999999734e+00,2.267528373266078034e+00
3.479166666666666519e+00,2.177364438839848759e+00
3.570833333333332860e+00,2.242938209331652111e+00
3.662499999999999645e+00,2.538020176544766748e+00
3.754166666666666430e+00,9.601513240857503240e-01
3.845833333333333215e+00,-6.791929382093316869e-01
3.937500000000000000e+00,-2.365699873896595640e-01
4.029166666666665897e+00,4.150693568726354643e-01
4.120833333333332682e+00,9.888398486759141237e-01
4.212499999999999467e+00,1.693757881462799375e+00
4.304166666666666252e+00,2.427364438839848759e+00
4.395833333333333037e+00,2.402774274905422836e+00
4.487499999999999822e+00,1.435561160151324067e+00
4.579166666666666607e+00,3.740857503152584806e-01
4.670833333333333393e+00,-1.750945775535939775e-01
4.762499999999999289e+00,-6.791929382093316869e-01
4.854166666666666075e+00,-1.068537200504413587e+00
4.945833333333332860e+00,-1.232471626733921743e+00
5.037499999999999645e+00,-1.302143757881462749e+00
5.129166666666666430e+00,1.283921815889029094e+00
5.220833333333333215e+00,1.796216897856242056e+00
5.312500000000000000e+00,1.554413619167717586e+00
5.404166666666666785e+00,-3.841109709962170493e-01
5.495833333333332682e+00,1.484741488020176581e+00
5.587499999999999467e+00,1.579003783102143732e+00
5.679166666666666252e+00,8.576923076923076428e-01
5.770833333333333037e+00,-1.228373266078184090e+00
5.862499999999999822e+00,-9.373896595208071059e-01
5.954166666666666607e+00,-6.136191677175284465e-01
6.045833333333332504e+00,-3.759142496847415194e-01
6.137499999999999289e+00,-2.611601513240857653e-01
6.229166666666666075e+00,-3.677175283732661004e-01
6.320833333333332860e+00,2.829003783102143732e+00
6.412499999999999645e+00,1.013430012610340603e+00
6.504166666666666430e+00,2.824905422446406078e+00
6.595833333333333215e+00,2.915069356872635353e+00
6.687500000000000000e+00,-6.627994955863808491e-01
6.779166666666665897e+00,1.128184110970996246e+00
6.870833333333332682e+00,2.886380832282471776e+00
6.962499999999999467e+00,2.890479192938209430e+00
7.054166666666666252e+00,2.956052963430012781e+00
7.145833333333333037e+00,-5.316519546027743681e-01
7.237499999999999822e+00,-2.857503152585120221e-01
7.329166666666665719e+00,1.281841109709961624e-01
7.420833333333332504e+00,5.216267339218157995e-01
7.512499999999999289e+00,7.388398486759141237e-01
7.604166666666666075e+00,4.560529634300124480e-01
7.695833333333332860e+00,4.621689785624208402e-02
7.787499999999999645e+00,-1.423076923076923572e-01
7.879166666666666430e+00,-7.037831021437579437e-01
7.970833333333333215e+00,2.632282471626734122e+00
8.062500000000000000e+00,2.886380832282471776e+00
8.154166666666665009e+00,9.642496847414879779e-01
8.245833333333333570e+00,2.857692307692307754e+00
8.337499999999998579e+00,2.767528373266078034e+00
8.429166666666667140e+00,2.701954602774274683e+00
8.520833333333332149e+00,2.763430012610340825e+00
8.612500000000000711e+00,2.857692307692307754e+00
8.704166666666665719e+00,2.800315258511980154e+00
8.795833333333334281e+00,2.570807061790668424e+00
8.887499999999999289e+00,2.423266078184111105e+00
8.979166666666666075e+00,4.765447667087011618e-01
9.070833333333332860e+00,4.396595208070617211e-01
9.162499999999997868e+00,4.396595208070616101e-01
9.254166666666666430e+00,-1.437389659520806884e+00
9.345833333333331439e+00,-1.195586380832282414e+00
9.437500000000000000e+00,-9.127994955863808491e-01
9.529166666666665009e+00,1.855611601513240949e-01
9.620833333333333570e+00,-4.906683480453972734e-01
9.712499999999998579e+00,-2.324716267339218545e-01
9.804166666666667140e+00,-9.722572509457758083e-02
9.895833333333332149e+00,-1.668978562421185585e-01
9.987500000000000711e+00,-2.898486759142497315e-01
1.007916666666666572e+01,-3.800126103404792288e-01
1.017083333333333428e+01,-4.496847414880201788e-01
1.026249999999999929e+01,-5.316519546027743681e-01
1.035416666666666430e+01,-2.425094577553593922e+00
1.044583333333333286e+01,-6.627994955863808491e-01
1.053749999999999787e+01,-6.914880201765447598e-01
1.062916666666666643e+01,-6.750945775535939219e-01
1.072083333333333144e+01,-6.259142496847415194e-01
1.081250000000000000e+01,-5.808322824716267707e-01
1.090416666666666501e+01,-5.275535939470366031e-01
1.099583333333333357e+01,-4.701765447667087261e-01
1.108749999999999858e+01,-4.537831021437579437e-01
1.117916666666666714e+01,-4.455863808322825248e-01
1.127083333333333215e+01,-4.087011349306431951e-01
1.136250000000000071e+01,-3.390290037831021897e-01
1.145416666666666572e+01,-2.775535939470366031e-01
1.154583333333333250e+01,-2.529634300126103463e-01
1.163749999999999929e+01,-3.595208070617906815e-01
1.172916666666666430e+01,-5.480453972257250950e-01
1.182083333333333286e+01,-6.423076923076923572e-01
1.191249999999999787e+01,-8.882093316519547033e-01
1.200416666666666643e+01,-1.158701134930643084e+00
1.209583333333333144e+01,-1.318537200504413587e+00
1.218750000000000000e+01,2.636380832282471331e+00
1.227916666666666501e+01,6.650693568726354643e-01
1.237083333333333357e+01,2.718348045397225743e+00
1.246249999999999858e+01,2.636380832282471331e+00
1.255416666666666714e+01,2.542118537200504846e+00
1.264583333333333215e+01,-1.351324085750315263e+00
1.273750000000000071e+01,-1.281651954602774257e+00
1.282916666666666572e+01,-1.097225725094577609e+00
1.292083333333333250e+01,-9.087011349306431951e-01
1.301249999999999929e+01,1.062610340479192894e+00
1.310416666666666430e+01,-5.890290037831021897e-01
1.319583333333333286e+01,-4.619798234552333627e-01
1.328749999999999787e+01,-3.062421185372005139e-01
1.337916666666666643e+01,-2.037831021437579160e-01
1.347083333333333144e+01,-1.750945775535939775e-01
1.356250000000000000e+01,-1.832912988650693964e-01
1.365416666666666501e+01,-1.955863808322824970e-01
1.374583333333333357e+01,-2.242749054224464356e-01
1.383749999999999858e+01,-2.775535939470366031e-01
1.392916666666666714e+01,-3.513240857503152625e-01
1.402083333333333215e+01,-4.537831021437579437e-01
1.411250000000000071e+01,-5.767339218158891168e-01
1.420416666666666572e+01,-6.750945775535939219e-01
1.429583333333333073e+01,-7.037831021437579437e-01
1.438749999999999929e+01,-7.816519546027743681e-01
1.447916666666666430e+01,-8.308322824716267707e-01
1.457083333333333286e+01,-8.554224464060530275e-01
1.466249999999999787e+01,1.005233291298865073e+00
1.475416666666666643e+01,9.642496847414879779e-01
1.484583333333333144e+01,2.824905422446406078e+00
1.493750000000000000e+01,-9.373896595208071059e-01
1.502916666666666501e+01,-8.513240857503153736e-01
1.512083333333333357e+01,1.087200504413619262e+00
1.521249999999999858e+01,1.169167717528373229e+00
1.530416666666666714e+01,-6.341109709962169383e-01
1.539583333333333215e+01,-6.095208070617906815e-01
1.548749999999999893e+01,-1.507061790668348111e+00
1.557916666666666572e+01,-1.507061790668347889e+00
1.567083333333333073e+01,-6.095208070617906815e-01
1.576249999999999929e+01,-6.423076923076923572e-01
1.585416666666666430e+01,-6.955863808322825248e-01
1.594583333333333286e+01,-7.570617906683481113e-01
1.603749999999999787e+01,-8.144388398486760439e-01
1.612916666666666288e+01,1.158890290037830340e-01
1.622083333333333144e+01,1.050315258511979710e+00
1.631250000000000000e+01,6.261034047919286638e-02
1.640416666666666856e+01,-8.636191677175284465e-01
1.649583333333333002e+01,1.404791929382092908e-01
1.658749999999999858e+01,-7.324716267339218545e-01
1.667916666666666714e+01,-6.423076923076923572e-01
1.677083333333333215e+01,-5.808322824716267707e-01
1.686249999999999716e+01,-5.029634300126103463e-01
1.695416666666666572e+01,-4.168978562421185585e-01
1.704583333333333428e+01,-3.349306431273644802e-01
1.713749999999999929e+01,-2.898486759142497315e-01
1.722916666666666430e+01,-2.652585119798234747e-01
1.732083333333333286e+01,-2.447667087011349552e-01
1.741250000000000142e+01,-2.242749054224464356e-01
1.750416666666666288e+01,-2.078814627994956254e-01
1.759583333333333144e+01,-2.529634300126103463e-01
1.768750000000000000e+01,-2.898486759142497315e-01
1.777916666666666501e+01,-3.062421185372005139e-01
1.787083333333333002e+01,-3.226355611601513518e-01
1.796249999999999858e+01,-3.554224464060529720e-01
1.805416666666666714e+01,-3.800126103404792288e-01
1.814583333333333215e+01,-4.414880201765447598e-01
1.823749999999999716e+01,-5.193568726355611842e-01
1.832916666666666572e+01,-5.931273644388398436e-01
1.842083333333333428e+01,-6.341109709962169383e-01
1.851249999999999929e+01,-6.627994955863808491e-01
1.860416666666666430e+01,-6.627994955863808491e-01
1.869583333333333286e+01,-6.546027742749054301e-01
1.878750000000000142e+01,-6.423076923076923572e-01
1.887916666666666288e+01,-6.136191677175284465e-01
1.897083333333333144e+01,-5.849306431273644247e-01
1.906250000000000000e+01,-5.439470365699874410e-01
1.915416666666666501e+01,-5.029634300126103463e-01
1.924583333333333002e+01,-4.496847414880201788e-01
1.933749999999999858e+01,-4.127994955863808491e-01
1.942916666666666714e+01,-3.718158890290038099e-01
1.952083333333333215e+01,-3.554224464060529720e-01
1.961249999999999716e+01,-3.390290037831021897e-01
1.970416666666666572e+01,-3.349306431273644802e-01
1.979583333333333428e+01,-3.390290037831021897e-01
1.988749999999999929e+01,-3.226355611601513518e-01
1.997916666666666430e+01,-3.267339218158890612e-01
2.007083333333333286e+01,-3.349306431273644802e-01
2.016249999999999787e+01,-3.390290037831021897e-01
2.025416666666666288e+01,-3.390290037831021897e-01
2.034583333333333144e+01,-3.349306431273644802e-01
2.043750000000000000e+01,-3.308322824716267707e-01
2.052916666666666501e+01,-3.144388398486759328e-01
2.062083333333333002e+01,-8.349306431273645357e-01
2.071249999999999858e+01,-2.412799495586380960e+00
2.080416666666666714e+01,-2.898486759142497315e-01
2.089583333333333215e+01,-2.652585119798234747e-01
2.098749999999999716e+01,-2.283732660781841450e-01
2.107916666666666572e+01,-1.955863808322824970e-01
2.117083333333333428e+01,-5.808322824716267707e-01
2.126249999999999929e+01,-9.005044136191677762e-01
2.135416666666666430e+01,-8.718158890290038654e-01
2.144583333333333286e+01,-8.718158890290038654e-01
2.153749999999999787e+01,-7.775535939470366031e-01
2.162916666666666288e+01,-6.423076923076923572e-01
2.172083333333333144e+01,1.156872635561160045e+00
2.181250000000000000e+01,-3.554224464060530275e-01
2.190416666666666501e+01,-3.390290037831021897e-01
2.199583333333333002e+01,-3.390290037831021897e-01
2.208749999999999858e+01,-3.759142496847415194e-01
2.217916666666666714e+01,-3.595208070617906815e-01
2.227083333333333215e+01,-4.291929382093316869e-01
2.236249999999999716e+01,2.636380832282471776e+00
2.245416666666666572e+01,1.136380832282471776e+00
2.254583333333333428e+01,-3.841109709962169383e-01
2.263749999999999574e+01,-3.677175283732661004e-01
2.272916666666666430e+01,-3.595208070617906815e-01
2.282083333333333286e+01,-6.668978562421186140e-01
2.291249999999999787e+01,-6.341109709962169383e-01
2.300416666666666288e+01,1.156872635561160267e+00
2.309583333333333144e+01,-2.898486759142497315e-01
2.318750000000000000e+01,-3.021437578814628599e-01
2.327916666666666501e+01,-4.496847414880201788e-01
2.337083333333333002e+01,-2.980453972257250950e-01
2.346249999999999858e+01,-2.898486759142497315e-01
2.355416666666666714e+01,-2.078814627994955977e-01
2.364583333333333215e+01,-2.242749054224464356e-01
2.373749999999999716e+01,-2.898486759142497315e-01
2.382916666666666572e+01,-2.201765447667087261e-01
2.392083333333333428e+01,4.601513240857502129e-01
2.401249999999999574e+01,-1.791929382093316869e-01
2.410416666666666430e+01,-2.570617906683480558e-01
2.419583333333333286e+01,-2.242749054224464356e-01
2.428749999999999787e+01,-2.242749054224464356e-01
2.437916666666666288e+01,-2.242749054224464356e-01
2.447083333333333144e+01,-2.324716267339218545e-01
2.456250000000000000e+01,-2.693568726355611842e-01
2.465416666666666501e+01,-2.406683480453972457e-01
2.474583333333333002e+01,-2.611601513240857653e-01
2.483749999999999858e+01,-2.570617906683480558e-01
2.492916666666666714e+01,-9.783732660781842005e-01
2.502083333333333215e+01,-2.406683480453972457e-01
2.511249999999999716e+01,3.699873896595208267e-01
2.520416666666666572e+01,4.724464060529633969e-01
2.529583333333333428e+01,5.011349306431273076e-01
2.538749999999999574e+01,5.544136191677174752e-01
2.547916666666666430e+01,4.396595208070617211e-01
2.557083333333333286e+01,-1.013240857503152903e-01
2.566249999999999787e+01,-3.185372005044136423e-01
2.575416666666666288e+01,-3.349306431273644802e-01
2.584583333333333144e+01,3.126103404791927831e-01
2.593750000000000000e+01,2.572509457755359219e-02
2.602916666666666501e+01,-3.226355611601513518e-01
2.612083333333333002e+01,-3.472257250945776086e-01
2.621249999999999858e+01,-3.308322824716267707e-01
2.630416666666666714e+01,-6.054224464060530275e-01
2.639583333333333215e+01,-3.472257250945776086e-01
2.648749999999999716e+01,-1.587011349306431396e-01
2.657916666666666572e+01,2.306431273644387880e-01
2.667083333333333073e+01,2.347414880201764975e-01
2.676249999999999574e+01,2.798234552332913294e-01
2.685416666666666430e+01,3.699873896595207157e-01
2.694583333333333286e+01,1.363808322824715813e-01
2.703749999999999787e+01,-2.939470365699874410e-01
2.712916666666666288e+01,2.716267339218157995e-01
2.722083333333333144e+01,2.757250945775535644e-01
2.731250000000000000e+01,-3.062421185372005139e-01
2.740416666666666501e+01,-2.201765447667087261e-01
2.749583333333333002e+01,9.129886506935688817e-02
2.758749999999999858e+01,3.863808322824716646e-01
2.767916666666666714e+01,2.632282471626734122e+00
2.777083333333333215e+01,-1.668978562421185585e-01
2.786249999999999716e+01,3.003152585119798212e-01
2.795416666666666572e+01,3.167087011349305481e-01
