r,G_r
0.01,-0.006186
0.02,-0.012353
0.03,-0.01848
0.04,-0.024551
0.05,-0.030549
0.06,-0.03646
0.07,-0.042276
0.08,-0.047989
0.09,-0.053596
0.1,-0.059098
0.11,-0.064499
0.12,-0.069807
0.13,-0.075035
0.14,-0.080195
0.15,-0.085305
0.16,-0.090383
0.17,-0.09545
0.18,-0.100526
0.19,-0.10563
0.2,-0.110781
0.21,-0.115999
0.22,-0.121296
0.23,-0.126687
0.24,-0.13218
0.25,-0.137781
0.26,-0.143491
0.27,-0.149308
0.28,-0.155226
0.29,-0.161237
0.3,-0.167325
0.31,-0.173477
0.32,-0.179672
0.33,-0.185892
0.34,-0.192115
0.35,-0.19832
0.36,-0.204486
0.37,-0.210593
0.38,-0.216625
0.39,-0.222565
0.4,-0.228402
0.41,-0.234127
0.42,-0.239737
0.43,-0.24523
0.44,-0.250611
0.45,-0.255888
0.46,-0.261073
0.47,-0.26618
0.48,-0.271228
0.49,-0.276238
0.5,-0.281231
0.51,-0.286232
0.52,-0.291261
0.53,-0.296343
0.54,-0.301497
0.55,-0.306742
0.56,-0.312093
0.57,-0.317561
0.58,-0.323154
0.59,-0.328876
0.6,-0.334723
0.61,-0.340692
0.62,-0.34677
0.63,-0.352943
0.64,-0.359193
0.65,-0.365498
0.66,-0.371835
0.67,-0.378178
0.68,-0.384502
0.69,-0.39078
0.7,-0.396988
0.71,-0.403105
0.72,-0.40911
0.73,-0.414989
0.74,-0.420729
0.75,-0.426326
0.76,-0.431776
0.77,-0.437086
0.78,-0.442263
0.79,-0.447323
0.8,-0.452283
0.81,-0.457168
0.82,-0.462004
0.83,-0.466818
0.84,-0.471641
0.85,-0.476503
0.86,-0.481434
0.87,-0.486461
0.88,-0.491609
0.89,-0.496898
0.9,-0.502344
0.91,-0.507958
0.92,-0.513744
0.93,-0.5197
0.94,-0.525818
0.95,-0.532084
0.96,-0.538477
0.97,-0.544972
0.98,-0.551538
0.99,-0.558141
1,-0.564746
1.01,-0.571316
1.02,-0.577813
1.03,-0.584204
1.04,-0.590455
1.05,-0.596539
1.06,-0.602435
1.07,-0.608125
1.08,-0.613603
1.09,-0.618868
1.1,-0.623928
1.11,-0.628798
1.12,-0.633503
1.13,-0.638074
1.14,-0.642549
1.15,-0.64697
1.16,-0.651383
1.17,-0.655838
1.18,-0.660383
1.19,-0.665064
1.2,-0.669926
1.21,-0.675007
1.22,-0.680337
1.23,-0.685939
1.24,-0.691825
1.25,-0.697997
1.26,-0.704443
1.27,-0.711142
1.28,-0.71806
1.29,-0.725151
1.3,-0.732361
1.31,-0.739628
1.32,-0.746882
1.33,-0.754051
1.34,-0.761062
1.35,-0.767843
1.36,-0.774329
1.37,-0.780463
1.38,-0.786199
1.39,-0.791506
1.4,-0.796369
1.41,-0.800795
1.42,-0.80481
1.43,-0.808463
1.44,-0.811827
1.45,-0.814994
1.46,-0.818079
1.47,-0.821215
1.48,-0.824551
1.49,-0.828248
1.5,-0.832471
1.51,-0.837389
1.52,-0.843164
1.53,-0.849947
1.54,-0.857869
1.55,-0.867037
1.56,-0.877521
1.57,-0.889351
1.58,-0.902509
1.59,-0.916925
1.6,-0.932467
1.61,-0.94894
1.62,-0.966083
1.63,-0.983568
1.64,-1.000995
1.65,-1.017901
1.66,-1.033759
1.67,-1.047983
1.68,-1.059937
1.69,-1.068943
1.7,-1.074291
1.71,-1.075253
1.72,-1.071093
1.73,-1.061087
1.74,-1.044532
1.75,-1.020767
1.76,-0.989187
1.77,-0.949262
1.78,-0.900548
1.79,-0.842708
1.8,-0.775521
1.81,-0.698896
1.82,-0.612884
1.83,-0.517684
1.84,-0.413649
1.85,-0.30129
1.86,-0.181276
1.87,-0.054432
1.88,0.07827
1.89,0.215716
1.9,0.356667
1.91,0.499768
1.92,0.643571
1.93,0.786551
1.94,0.927133
1.95,1.063709
1.96,1.194671
1.97,1.318431
1.98,1.433452
1.99,1.53827
2,1.631523
2.01,1.711974
2.02,1.778535
2.03,1.830286
2.04,1.866493
2.05,1.886624
2.06,1.890359
2.07,1.877602
2.08,1.848479
2.09,1.80334
2.1,1.742761
2.11,1.667525
2.12,1.57862
2.13,1.477218
2.14,1.364659
2.15,1.242425
2.16,1.112119
2.17,0.975437
2.18,0.834138
2.19,0.690017
2.2,0.544872
2.21,0.400476
2.22,0.258545
2.23,0.120711
2.24,-0.011502
2.25,-0.136707
2.26,-0.253671
2.27,-0.361337
2.28,-0.458836
2.29,-0.545499
2.3,-0.620864
2.31,-0.684677
2.32,-0.736894
2.33,-0.777675
2.34,-0.807371
2.35,-0.826517
2.36,-0.835813
2.37,-0.836105
2.38,-0.828363
2.39,-0.81366
2.4,-0.793146
2.41,-0.768021
2.42,-0.739512
2.43,-0.708844
2.44,-0.677216
2.45,-0.645778
2.46,-0.615608
2.47,-0.587695
2.48,-0.562917
2.49,-0.542031
2.5,-0.52566
2.51,-0.514288
2.52,-0.50825
2.53,-0.507738
2.54,-0.512799
2.55,-0.523342
2.56,-0.539148
2.57,-0.559881
2.58,-0.585099
2.59,-0.614273
2.6,-0.646805
2.61,-0.682042
2.62,-0.719299
2.63,-0.757877
2.64,-0.79708
2.65,-0.836237
2.66,-0.874712
2.67,-0.911925
2.68,-0.947362
2.69,-0.980586
2.7,-1.011245
2.71,-1.03908
2.72,-1.063922
2.73,-1.085698
2.74,-1.104426
2.75,-1.120207
2.76,-1.133224
2.77,-1.143724
2.78,-1.152013
2.79,-1.158439
2.8,-1.163378
2.81,-1.167223
2.82,-1.170364
2.83,-1.173172
2.84,-1.17599
2.85,-1.179116
2.86,-1.182787
2.87,-1.187177
2.88,-1.192379
2.89,-1.198402
2.9,-1.20517
2.91,-1.212513
2.92,-1.220174
2.93,-1.227809
2.94,-1.234993
2.95,-1.241228
2.96,-1.245953
2.97,-1.248559
2.98,-1.248395
2.99,-1.244793
3,-1.237077
3.01,-1.22458
3.02,-1.206664
3.03,-1.182735
3.04,-1.152257
3.05,-1.114769
3.06,-1.0699
3.07,-1.017376
3.08,-0.957035
3.09,-0.888834
3.1,-0.812852
3.11,-0.729295
3.12,-0.638498
3.13,-0.540918
3.14,-0.437137
3.15,-0.327847
3.16,-0.213847
3.17,-0.096026
3.18,0.024643
3.19,0.147127
3.2,0.27034
3.21,0.393166
3.22,0.514477
3.23,0.633144
3.24,0.748066
3.25,0.858175
3.26,0.962463
3.27,1.05999
3.28,1.149903
3.29,1.231447
3.3,1.303973
3.31,1.366951
3.32,1.419972
3.33,1.462756
3.34,1.495152
3.35,1.517139
3.36,1.528823
3.37,1.53043
3.38,1.522306
3.39,1.504903
3.4,1.478771
3.41,1.444551
3.42,1.402956
3.43,1.354764
3.44,1.300803
3.45,1.241935
3.46,1.179048
3.47,1.113035
3.48,1.044789
3.49,0.975184
3.5,0.905068
3.51,0.83525
3.52,0.766492
3.53,0.699502
3.54,0.634924
3.55,0.573336
3.56,0.515244
3.57,0.46108
3.58,0.411202
3.59,0.365891
3.6,0.325354
3.61,0.289729
3.62,0.259081
3.63,0.233413
3.64,0.212667
3.65,0.196729
3.66,0.185437
3.67,0.178584
3.68,0.175927
3.69,0.17719
3.7,0.182072
3.71,0.190251
3.72,0.201392
3.73,0.21515
3.74,0.231176
3.75,0.24912
3.76,0.268635
3.77,0.289384
3.78,0.311038
3.79,0.333281
3.8,0.355812
3.81,0.378347
3.82,0.40062
3.83,0.422383
3.84,0.443408
3.85,0.463489
3.86,0.482438
3.87,0.50009
3.88,0.516299
3.89,0.530941
3.9,0.54391
3.91,0.555123
3.92,0.564514
3.93,0.572037
3.94,0.577666
3.95,0.581392
3.96,0.583222
3.97,0.583182
3.98,0.581313
3.99,0.577672
4,0.572328
4.01,0.565364
4.02,0.556876
4.03,0.546968
4.04,0.535755
4.05,0.523358
4.06,0.509904
4.07,0.495524
4.08,0.48035
4.09,0.464516
4.1,0.448152
4.11,0.431386
4.12,0.414339
4.13,0.397128
4.14,0.379856
4.15,0.36262
4.16,0.345503
4.17,0.328578
4.18,0.3119
4.19,0.295515
4.2,0.279451
4.21,0.263725
4.22,0.248337
4.23,0.233276
4.24,0.218517
4.25,0.204027
4.26,0.189759
4.27,0.175662
4.28,0.161677
4.29,0.147741
4.3,0.133789
4.31,0.119756
4.32,0.105579
4.33,0.0912
4.34,0.076566
4.35,0.061633
4.36,0.046365
4.37,0.030738
4.38,0.01474
4.39,-0.001629
4.4,-0.018355
4.41,-0.03541
4.42,-0.052754
4.43,-0.070334
4.44,-0.088084
4.45,-0.105929
4.46,-0.123784
4.47,-0.141554
4.48,-0.159142
4.49,-0.176442
4.5,-0.193352
4.51,-0.209765
4.52,-0.22558
4.53,-0.2407
4.54,-0.255033
4.55,-0.268499
4.56,-0.281024
4.57,-0.29255
4.58,-0.30303
4.59,-0.312431
4.6,-0.320738
4.61,-0.327947
4.62,-0.334072
4.63,-0.33914
4.64,-0.343195
4.65,-0.346292
4.66,-0.348498
4.67,-0.349892
4.68,-0.350561
4.69,-0.3506
4.7,-0.350106
4.71,-0.349183
4.72,-0.347931
4.73,-0.346451
4.74,-0.34484
4.75,-0.343188
4.76,-0.341578
4.77,-0.340082
4.78,-0.338763
4.79,-0.337669
4.8,-0.336835
4.81,-0.336284
4.82,-0.336022
4.83,-0.336041
4.84,-0.336319
4.85,-0.33682
4.86,-0.337495
4.87,-0.338282
4.88,-0.339112
4.89,-0.339903
4.9,-0.340569
4.91,-0.341019
4.92,-0.341159
4.93,-0.340893
4.94,-0.340128
4.95,-0.338777
4.96,-0.336755
4.97,-0.333988
4.98,-0.330412
4.99,-0.325973
5,-0.320631
5.01,-0.314362
5.02,-0.307155
5.03,-0.299016
5.04,-0.289968
5.05,-0.280048
5.06,-0.269312
5.07,-0.257829
5.08,-0.245683
5.09,-0.232972
5.1,-0.219805
5.11,-0.2063
5.12,-0.192585
5.13,-0.178791
5.14,-0.165056
5.15,-0.151516
5.16,-0.138309
5.17,-0.125566
5.18,-0.113416
5.19,-0.101978
5.2,-0.091361
5.21,-0.081663
5.22,-0.072968
5.23,-0.065345
5.24,-0.058847
5.25,-0.053511
5.26,-0.049355
5.27,-0.04638
5.28,-0.044572
5.29,-0.043896
5.3,-0.044304
5.31,-0.045731
5.32,-0.048099
5.33,-0.051319
5.34,-0.055291
5.35,-0.059904
5.36,-0.065046
5.37,-0.070597
5.38,-0.076437
5.39,-0.082446
5.4,-0.088507
5.41,-0.094509
5.42,-0.100347
5.43,-0.105923
5.44,-0.111153
5.45,-0.115961
5.46,-0.120285
5.47,-0.124078
5.48,-0.127303
5.49,-0.129941
5.5,-0.131984
5.51,-0.133438
5.52,-0.134322
5.53,-0.134664
5.54,-0.134505
5.55,-0.133893
5.56,-0.132883
5.57,-0.131534
5.58,-0.12991
5.59,-0.128073
5.6,-0.126087
5.61,-0.124013
5.62,-0.121906
5.63,-0.119816
5.64,-0.117785
5.65,-0.115847
5.66,-0.114024
5.67,-0.112331
5.68,-0.11077
5.69,-0.109333
5.7,-0.108
5.71,-0.106742
5.72,-0.105522
5.73,-0.104291
5.74,-0.102995
5.75,-0.101575
5.76,-0.099966
5.77,-0.098102
5.78,-0.095915
5.79,-0.093339
5.8,-0.090311
5.81,-0.086771
5.82,-0.082667
5.83,-0.077953
5.84,-0.07259
5.85,-0.066553
5.86,-0.059822
5.87,-0.052392
5.88,-0.044265
5.89,-0.035455
5.9,-0.025987
5.91,-0.015895
5.92,-0.00522
5.93,0.005988
5.94,0.017675
5.95,0.029779
5.96,0.04224
5.97,0.054992
5.98,0.067972
5.99,0.08112
6,0.094377
6.01,0.10769
6.02,0.121012
6.03,0.134304
6.04,0.147534
6.05,0.160679
6.06,0.173723
6.07,0.186661
6.08,0.199495
6.09,0.212233
6.1,0.224894
6.11,0.237499
6.12,0.250074
6.13,0.262649
6.14,0.275256
6.15,0.287925
6.16,0.300685
6.17,0.313561
6.18,0.326576
6.19,0.339742
6.2,0.353067
6.21,0.366549
6.22,0.380178
6.23,0.393934
6.24,0.407785
6.25,0.421694
6.26,0.43561
6.27,0.449477
6.28,0.46323
6.29,0.4768
6.3,0.490111
6.31,0.503086
6.32,0.515647
6.33,0.527719
6.34,0.539226
6.35,0.550102
6.36,0.560286
6.37,0.569724
6.38,0.578376
6.39,0.586211
6.4,0.593213
6.41,0.599377
6.42,0.604713
6.43,0.609245
6.44,0.613011
6.45,0.616058
6.46,0.618449
6.47,0.620254
6.48,0.621552
6.49,0.622427
6.5,0.622969
6.51,0.623268
6.52,0.623412
6.53,0.623488
6.54,0.623575
6.55,0.623745
6.56,0.62406
6.57,0.624567
6.58,0.625303
6.59,0.626288
6.6,0.627526
6.61,0.629005
6.62,0.630699
6.63,0.632564
6.64,0.634542
6.65,0.636561
6.66,0.63854
6.67,0.640386
6.68,0.642001
6.69,0.643282
6.7,0.644123
6.71,0.644423
6.72,0.644082
6.73,0.643009
6.74,0.641123
6.75,0.638355
6.76,0.634652
6.77,0.629976
6.78,0.624309
6.79,0.617651
6.8,0.610022
6.81,0.601461
6.82,0.592027
6.83,0.581799
6.84,0.570868
6.85,0.559343
6.86,0.547346
6.87,0.535006
6.88,0.52246
6.89,0.509847
6.9,0.497307
6.91,0.484976
6.92,0.472983
6.93,0.461446
6.94,0.450471
6.95,0.440147
6.96,0.430544
6.97,0.421715
6.98,0.413686
6.99,0.406466
7,0.400037
7.01,0.39436
7.02,0.389375
7.03,0.385
7.04,0.381137
7.05,0.37767
7.06,0.37447
7.07,0.371398
7.08,0.368312
7.09,0.365061
7.1,0.361501
7.11,0.357489
7.12,0.352891
7.13,0.347586
7.14,0.341467
7.15,0.334445
7.16,0.326451
7.17,0.317437
7.18,0.307382
7.19,0.296284
7.2,0.28417
7.21,0.271086
7.22,0.257106
7.23,0.242321
7.24,0.226842
7.25,0.210798
7.26,0.19433
7.27,0.177589
7.28,0.160732
7.29,0.143921
7.3,0.127315
7.31,0.111068
7.32,0.095328
7.33,0.080228
7.34,0.065889
7.35,0.052414
7.36,0.039885
7.37,0.028364
7.38,0.01789
7.39,0.008479
7.4,0.000124
7.41,-0.007204
7.42,-0.013558
7.43,-0.019008
7.44,-0.023643
7.45,-0.027567
7.46,-0.030898
7.47,-0.033761
7.48,-0.036288
7.49,-0.038614
7.5,-0.040873
7.51,-0.043195
7.52,-0.045704
7.53,-0.048513
7.54,-0.051721
7.55,-0.055415
7.56,-0.059665
7.57,-0.064521
7.58,-0.070016
7.59,-0.076166
7.6,-0.082964
7.61,-0.09039
7.62,-0.098403
7.63,-0.106949
7.64,-0.115961
7.65,-0.125359
7.66,-0.135056
7.67,-0.144958
7.68,-0.154969
7.69,-0.164991
7.7,-0.174928
7.71,-0.184691
7.72,-0.194193
7.73,-0.203362
7.74,-0.212131
7.75,-0.22045
7.76,-0.228277
7.77,-0.235588
7.78,-0.24237
7.79,-0.248625
7.8,-0.254366
7.81,-0.259621
7.82,-0.264425
7.83,-0.268825
7.84,-0.272874
7.85,-0.276631
7.86,-0.280159
7.87,-0.28352
7.88,-0.286779
7.89,-0.289995
7.9,-0.293224
7.91,-0.296518
7.92,-0.299919
7.93,-0.303462
7.94,-0.307173
7.95,-0.311069
7.96,-0.315157
7.97,-0.319435
7.98,-0.323893
7.99,-0.328512
8,-0.333267
8.01,-0.338127
8.02,-0.343057
8.03,-0.348019
8.04,-0.352975
8.05,-0.357886
8.06,-0.362716
8.07,-0.367432
8.08,-0.372005
8.09,-0.376413
8.1,-0.380638
8.11,-0.384671
8.12,-0.388509
8.13,-0.392155
8.14,-0.39562
8.15,-0.398921
8.16,-0.402079
8.17,-0.405119
8.18,-0.40807
8.19,-0.410962
8.2,-0.413823
8.21,-0.416682
8.22,-0.419563
8.23,-0.422485
8.24,-0.425462
8.25,-0.4285
8.26,-0.4316
8.27,-0.43475
8.28,-0.437931
8.29,-0.441117
8.3,-0.444269
8.31,-0.447343
8.32,-0.450288
8.33,-0.453045
8.34,-0.455551
8.35,-0.457741
8.36,-0.459548
8.37,-0.460906
8.38,-0.461752
8.39,-0.462027
8.4,-0.461682
8.41,-0.460671
8.42,-0.458963
8.43,-0.456537
8.44,-0.453382
8.45,-0.449504
8.46,-0.44492
8.47,-0.439661
8.48,-0.433773
8.49,-0.42731
8.5,-0.420341
8.51,-0.412942
8.52,-0.405197
8.53,-0.397195
8.54,-0.389028
8.55,-0.380789
8.56,-0.372566
8.57,-0.364446
8.58,-0.356504
8.59,-0.348808
8.6,-0.341414
8.61,-0.334362
8.62,-0.327677
8.63,-0.321369
8.64,-0.31543
8.65,-0.309833
8.66,-0.304534
8.67,-0.299476
8.68,-0.294583
8.69,-0.289768
8.7,-0.284932
8.71,-0.279968
8.72,-0.274764
8.73,-0.269204
8.74,-0.263176
8.75,-0.25657
8.76,-0.249284
8.77,-0.241228
8.78,-0.232325
8.79,-0.222516
8.8,-0.211759
8.81,-0.200036
8.82,-0.187349
8.83,-0.173727
8.84,-0.159218
8.85,-0.143896
8.86,-0.127859
8.87,-0.111223
8.88,-0.094123
8.89,-0.076713
8.9,-0.059156
8.91,-0.041627
8.92,-0.024306
8.93,-0.007374
8.94,0.00899
8.95,0.024615
8.96,0.039339
8.97,0.053017
8.98,0.065522
8.99,0.076749
9,0.086616
9.01,0.09507
9.02,0.102085
9.03,0.107663
9.04,0.111839
9.05,0.114673
9.06,0.116254
9.07,0.116698
9.08,0.116143
9.09,0.114748
9.1,0.112686
9.11,0.110147
9.12,0.107324
9.13,0.104419
9.14,0.101628
9.15,0.099145
9.16,0.097151
9.17,0.095814
9.18,0.095284
9.19,0.095688
9.2,0.097126
9.21,0.099675
9.22,0.10338
9.23,0.108256
9.24,0.114287
9.25,0.121429
9.26,0.129608
9.27,0.138721
9.28,0.148643
9.29,0.159228
9.3,0.170308
9.31,0.181705
9.32,0.193229
9.33,0.204686
9.34,0.215879
9.35,0.226618
9.36,0.23672
9.37,0.246012
9.38,0.25434
9.39,0.26157
9.4,0.267588
9.41,0.272308
9.42,0.275667
9.43,0.277634
9.44,0.278203
9.45,0.277396
9.46,0.275262
9.47,0.271878
9.48,0.267339
9.49,0.261765
9.5,0.255291
9.51,0.248067
9.52,0.240252
9.53,0.232012
9.54,0.223517
9.55,0.214933
9.56,0.206422
9.57,0.198137
9.58,0.190221
9.59,0.182799
9.6,0.175981
9.61,0.169858
9.62,0.1645
9.63,0.159957
9.64,0.156257
9.65,0.153407
9.66,0.151393
9.67,0.150184
9.68,0.149731
9.69,0.14997
9.7,0.150825
9.71,0.152209
9.72,0.154029
9.73,0.156188
9.74,0.158587
9.75,0.16113
9.76,0.163722
9.77,0.166277
9.78,0.168716
9.79,0.170972
9.8,0.172988
9.81,0.174718
9.82,0.176132
9.83,0.177211
9.84,0.177949
9.85,0.17835
9.86,0.178432
9.87,0.17822
9.88,0.177747
9.89,0.177053
9.9,0.176179
9.91,0.175171
9.92,0.174074
9.93,0.172929
9.94,0.171776
9.95,0.170648
9.96,0.169571
9.97,0.168563
9.98,0.167635
9.99,0.166786
10,0.16601
10.01,0.16529
10.02,0.164599
10.03,0.163907
10.04,0.163176
10.05,0.162363
10.06,0.161424
10.07,0.160313
10.08,0.158985
10.09,0.157399
10.1,0.155517
10.11,0.153309
10.12,0.150753
10.13,0.147836
10.14,0.144553
10.15,0.140914
10.16,0.136938
10.17,0.132656
10.18,0.12811
10.19,0.123352
10.2,0.118444
10.21,0.113456
10.22,0.108463
10.23,0.103544
10.24,0.098783
10.25,0.09426
10.26,0.090056
10.27,0.086244
10.28,0.082891
10.29,0.080057
10.3,0.077789
10.31,0.07612
10.32,0.07507
10.33,0.074646
10.34,0.074835
10.35,0.075612
10.36,0.076935
10.37,0.078745
10.38,0.080973
10.39,0.083534
10.4,0.086335
10.41,0.089272
10.42,0.092238
10.43,0.095121
10.44,0.097808
10.45,0.100189
10.46,0.10216
10.47,0.103624
10.48,0.104493
10.49,0.104694
10.5,0.104168
10.51,0.102872
10.52,0.100781
10.53,0.097889
10.54,0.094209
10.55,0.089771
10.56,0.084627
10.57,0.078842
10.58,0.072499
10.59,0.065696
10.6,0.058538
10.61,0.051144
10.62,0.043636
10.63,0.036139
10.64,0.028779
10.65,0.021678
10.66,0.014951
10.67,0.008704
10.68,0.003031
10.69,-0.001988
10.7,-0.00629
10.71,-0.009832
10.72,-0.012588
10.73,-0.014555
10.74,-0.015747
10.75,-0.016201
10.76,-0.015974
10.77,-0.01514
10.78,-0.013788
10.79,-0.012024
10.8,-0.009965
10.81,-0.007735
10.82,-0.005467
10.83,-0.003294
10.84,-0.00135
10.85,0.000237
10.86,0.001343
10.87,0.001858
10.88,0.001683
10.89,0.000735
10.9,-0.001053
10.91,-0.003724
10.92,-0.007307
10.93,-0.011803
10.94,-0.017195
10.95,-0.023446
10.96,-0.030496
10.97,-0.038266
10.98,-0.046663
10.99,-0.055574
11,-0.064878
11.01,-0.074442
11.02,-0.084128
11.03,-0.093794
11.04,-0.103298
11.05,-0.112502
11.06,-0.121275
11.07,-0.129494
11.08,-0.137052
11.09,-0.143853
11.1,-0.149822
11.11,-0.1549
11.12,-0.159051
11.13,-0.162257
11.14,-0.164524
11.15,-0.165878
11.16,-0.166364
11.17,-0.166048
11.18,-0.165012
11.19,-0.163353
11.2,-0.161182
11.21,-0.158618
11.22,-0.155789
11.23,-0.152825
11.24,-0.149857
11.25,-0.147014
11.26,-0.144418
11.27,-0.142184
11.28,-0.140413
11.29,-0.139194
11.3,-0.138598
11.31,-0.138679
11.32,-0.139472
11.33,-0.140991
11.34,-0.14323
11.35,-0.146163
11.36,-0.149744
11.37,-0.153909
11.38,-0.158577
11.39,-0.163653
11.4,-0.169026
11.41,-0.17458
11.42,-0.180188
11.43,-0.185721
11.44,-0.191049
11.45,-0.196043
11.46,-0.200581
11.47,-0.204548
11.48,-0.207842
11.49,-0.210372
11.5,-0.212066
11.51,-0.212866
11.52,-0.212737
11.53,-0.211662
11.54,-0.209643
11.55,-0.206706
11.56,-0.202893
11.57,-0.198269
11.58,-0.192913
11.59,-0.186923
11.6,-0.180408
11.61,-0.17349
11.62,-0.166297
11.63,-0.158965
11.64,-0.15163
11.65,-0.144428
11.66,-0.13749
11.67,-0.13094
11.68,-0.124892
11.69,-0.119447
11.7,-0.114689
11.71,-0.110688
11.72,-0.107492
11.73,-0.105128
11.74,-0.103605
11.75,-0.102907
11.76,-0.102999
11.77,-0.103824
11.78,-0.105307
11.79,-0.107353
11.8,-0.109853
11.81,-0.112682
11.82,-0.115707
11.83,-0.118786
11.84,-0.121772
11.85,-0.124515
11.86,-0.126871
11.87,-0.128697
11.88,-0.12986
11.89,-0.13024
11.9,-0.12973
11.91,-0.128238
11.92,-0.125695
11.93,-0.12205
11.94,-0.117274
11.95,-0.111363
11.96,-0.104335
11.97,-0.096231
11.98,-0.087114
11.99,-0.07707
12,-0.066204
12.01,-0.054637
12.02,-0.042507
12.03,-0.029964
12.04,-0.017168
12.05,-0.004282
12.06,0.008526
12.07,0.021089
12.08,0.033245
12.09,0.04484
12.1,0.055732
12.11,0.065792
12.12,0.074908
12.13,0.082988
12.14,0.089961
12.15,0.095778
12.16,0.100414
12.17,0.103869
12.18,0.106166
12.19,0.107353
12.2,0.107499
12.21,0.106694
12.22,0.105046
12.23,0.102683
12.24,0.099742
12.25,0.096372
12.26,0.09273
12.27,0.088975
12.28,0.085267
12.29,0.08176
12.3,0.078604
12.31,0.075936
12.32,0.073879
12.33,0.072542
12.34,0.072011
12.35,0.072355
12.36,0.073618
12.37,0.075821
12.38,0.078962
12.39,0.083012
12.4,0.087923
12.41,0.093621
12.42,0.100013
12.43,0.106987
12.44,0.114417
12.45,0.122162
12.46,0.130071
12.47,0.137989
12.48,0.145756
12.49,0.153214
12.5,0.16021
12.51,0.1666
12.52,0.17225
12.53,0.177041
12.54,0.180873
12.55,0.183664
12.56,0.185357
12.57,0.185914
12.58,0.185325
12.59,0.183602
12.6,0.180784
12.61,0.17693
12.62,0.172124
12.63,0.16647
12.64,0.160088
12.65,0.153115
12.66,0.1457
12.67,0.137999
12.68,0.130175
12.69,0.122391
12.7,0.114808
12.71,0.10758
12.72,0.100851
12.73,0.094754
12.74,0.089401
12.75,0.084889
12.76,0.081292
12.77,0.078661
12.78,0.077021
12.79,0.076374
12.8,0.076695
12.81,0.077936
12.82,0.080022
12.83,0.08286
12.84,0.086333
12.85,0.090309
12.86,0.09464
12.87,0.099169
12.88,0.103729
12.89,0.108152
12.9,0.112267
12.91,0.11591
12.92,0.118924
12.93,0.121163
12.94,0.122497
12.95,0.122814
12.96,0.122023
12.97,0.120055
12.98,0.116866
12.99,0.11244
13,0.106785
13.01,0.099937
13.02,0.091956
13.03,0.082929
13.04,0.072965
13.05,0.062192
13.06,0.050759
13.07,0.038828
13.08,0.026572
13.09,0.014173
13.1,0.001816
13.11,-0.010313
13.12,-0.022033
13.13,-0.03317
13.14,-0.043563
13.15,-0.053063
13.16,-0.061541
13.17,-0.068888
13.18,-0.075019
13.19,-0.07987
13.2,-0.083406
13.21,-0.085617
13.22,-0.086519
13.23,-0.086154
13.24,-0.084589
13.25,-0.081914
13.26,-0.07824
13.27,-0.073698
13.28,-0.068432
13.29,-0.062602
13.3,-0.056374
13.31,-0.049923
13.32,-0.043424
13.33,-0.037051
13.34,-0.030974
13.35,-0.025354
13.36,-0.020341
13.37,-0.016068
13.38,-0.012656
13.39,-0.010204
13.4,-0.008789
13.41,-0.008468
13.42,-0.009276
13.43,-0.011224
13.44,-0.014299
13.45,-0.018467
13.46,-0.023674
13.47,-0.029844
13.48,-0.036886
13.49,-0.044692
13.5,-0.053141
13.51,-0.062101
13.52,-0.071436
13.53,-0.081
13.54,-0.090651
13.55,-0.100244
13.56,-0.10964
13.57,-0.118707
13.58,-0.12732
13.59,-0.135369
13.6,-0.142753
13.61,-0.149388
13.62,-0.155207
13.63,-0.160157
13.64,-0.164205
13.65,-0.167334
13.66,-0.169545
13.67,-0.170854
13.68,-0.171295
13.69,-0.170916
13.7,-0.169778
13.71,-0.167953
13.72,-0.165524
13.73,-0.16258
13.74,-0.159218
13.75,-0.155538
13.76,-0.151641
13.77,-0.147628
13.78,-0.143596
13.79,-0.139642
13.8,-0.135852
13.81,-0.132308
13.82,-0.129082
13.83,-0.126237
13.84,-0.123823
13.85,-0.121881
13.86,-0.12044
13.87,-0.119515
13.88,-0.119113
13.89,-0.119225
13.9,-0.119835
13.91,-0.120914
13.92,-0.122425
13.93,-0.124324
13.94,-0.126556
13.95,-0.129065
13.96,-0.131786
13.97,-0.134655
13.98,-0.137604
13.99,-0.140564
14,-0.14347
14.01,-0.146257
14.02,-0.148863
14.03,-0.151234
14.04,-0.153319
14.05,-0.155074
14.06,-0.156463
14.07,-0.157459
14.08,-0.158041
14.09,-0.158199
14.1,-0.157929
14.11,-0.157238
14.12,-0.156141
14.13,-0.154659
14.14,-0.152823
14.15,-0.15067
14.16,-0.148242
14.17,-0.145586
14.18,-0.142754
14.19,-0.1398
14.2,-0.136781
14.21,-0.133751
14.22,-0.130769
14.23,-0.127887
14.24,-0.125156
14.25,-0.122624
14.26,-0.120332
14.27,-0.118316
14.28,-0.116605
14.29,-0.11522
14.3,-0.114175
14.31,-0.113474
14.32,-0.113115
14.33,-0.113084
14.34,-0.113362
14.35,-0.113919
14.36,-0.114719
14.37,-0.115719
14.38,-0.11687
14.39,-0.118118
14.4,-0.119405
14.41,-0.12067
14.42,-0.121852
14.43,-0.122889
14.44,-0.123721
14.45,-0.124291
14.46,-0.124545
14.47,-0.124436
14.48,-0.123925
14.49,-0.122978
14.5,-0.121572
14.51,-0.119692
14.52,-0.117335
14.53,-0.114507
14.54,-0.111225
14.55,-0.107516
14.56,-0.103417
14.57,-0.098977
14.58,-0.094248
14.59,-0.089296
14.6,-0.084187
14.61,-0.078997
14.62,-0.073802
14.63,-0.068679
14.64,-0.063708
14.65,-0.058964
14.66,-0.054518
14.67,-0.050437
14.68,-0.04678
14.69,-0.043597
14.7,-0.040928
14.71,-0.038802
14.72,-0.037235
14.73,-0.036231
14.74,-0.035781
14.75,-0.035863
14.76,-0.036443
14.77,-0.037472
14.78,-0.038894
14.79,-0.04064
14.8,-0.042634
14.81,-0.044792
14.82,-0.047025
14.83,-0.049243
14.84,-0.051353
14.85,-0.053265
14.86,-0.054892
14.87,-0.056152
14.88,-0.056973
14.89,-0.05729
14.9,-0.057051
14.91,-0.056217
14.92,-0.054762
14.93,-0.052676
14.94,-0.049961
14.95,-0.046638
14.96,-0.042742
14.97,-0.03832
14.98,-0.033436
14.99,-0.028162
15,-0.022584
15.01,-0.016795
15.02,-0.010893
15.03,-0.00498
15.04,0.000838
15.05,0.00646
15.06,0.011786
15.07,0.016723
15.08,0.021187
15.09,0.025103
15.1,0.028412
15.11,0.031067
15.12,0.033036
15.13,0.034305
15.14,0.034877
15.15,0.034772
15.16,0.034027
15.17,0.032694
15.18,0.030843
15.19,0.028554
15.2,0.025921
15.21,0.023047
15.22,0.020043
15.23,0.017023
15.24,0.014103
15.25,0.0114
15.26,0.009025
15.27,0.007082
15.28,0.005669
15.29,0.004869
15.3,0.004754
15.31,0.005378
15.32,0.006779
15.33,0.008979
15.34,0.01198
15.35,0.015763
15.36,0.020294
15.37,0.025521
15.38,0.031373
15.39,0.037766
15.4,0.044602
15.41,0.051774
15.42,0.059164
15.43,0.066651
15.44,0.07411
15.45,0.081416
15.46,0.088448
15.47,0.095089
15.48,0.101234
15.49,0.106784
15.5,0.111658
15.51,0.115787
15.52,0.119119
15.53,0.12162
15.54,0.123274
15.55,0.124083
15.56,0.124066
15.57,0.123262
15.58,0.121722
15.59,0.119516
15.6,0.116725
15.61,0.113439
15.62,0.10976
15.63,0.105791
15.64,0.101643
15.65,0.097423
15.66,0.09324
15.67,0.089194
15.68,0.085381
15.69,0.081886
15.7,0.078783
15.71,0.076133
15.72,0.073983
15.73,0.072366
15.74,0.071298
15.75,0.07078
15.76,0.0708
15.77,0.07133
15.78,0.072328
15.79,0.073744
15.8,0.075514
15.81,0.077569
15.82,0.079832
15.83,0.082226
15.84,0.084669
15.85,0.087082
15.86,0.08939
15.87,0.091521
15.88,0.093414
15.89,0.095012
15.9,0.096274
15.91,0.097164
15.92,0.097663
15.93,0.097763
15.94,0.097466
15.95,0.096788
15.96,0.095755
15.97,0.094405
15.98,0.092782
15.99,0.090938
16,0.088931
16.01,0.086822
16.02,0.084673
16.03,0.082545
16.04,0.080497
16.05,0.078585
16.06,0.076856
16.07,0.07535
16.08,0.0741
16.09,0.073126
16.1,0.072439
16.11,0.072039
16.12,0.071914
16.13,0.072042
16.14,0.072391
16.15,0.072919
16.16,0.073576
16.17,0.074308
16.18,0.075053
16.19,0.075749
16.2,0.076331
16.21,0.076737
16.22,0.076906
16.23,0.076785
16.24,0.076325
16.25,0.075488
16.26,0.074243
16.27,0.072573
16.28,0.07047
16.29,0.06794
16.3,0.065
16.31,0.061679
16.32,0.058019
16.33,0.054072
16.34,0.049897
16.35,0.045563
16.36,0.041143
16.37,0.036718
16.38,0.032365
16.39,0.028165
16.4,0.024195
16.41,0.020527
16.42,0.017226
16.43,0.01435
16.44,0.011945
16.45,0.010044
16.46,0.00867
16.47,0.00783
16.48,0.007517
16.49,0.00771
16.5,0.008375
16.51,0.009461
16.52,0.010909
16.53,0.012648
16.54,0.014595
16.55,0.016662
16.56,0.018757
16.57,0.020782
16.58,0.022642
16.59,0.024241
16.6,0.025491
16.61,0.026307
16.62,0.026617
16.63,0.026356
16.64,0.025474
16.65,0.023936
16.66,0.021721
16.67,0.018824
16.68,0.015257
16.69,0.011046
16.7,0.006235
16.71,0.000882
16.72,-0.004941
16.73,-0.01115
16.74,-0.017653
16.75,-0.024348
16.76,-0.031128
16.77,-0.037883
16.78,-0.044501
16.79,-0.050874
16.8,-0.056899
16.81,-0.062476
16.82,-0.067519
16.83,-0.07195
16.84,-0.075705
16.85,-0.078735
16.86,-0.081003
16.87,-0.082493
16.88,-0.083202
16.89,-0.083144
16.9,-0.08235
16.91,-0.080864
16.92,-0.078745
16.93,-0.076065
16.94,-0.072906
16.95,-0.069357
16.96,-0.065516
16.97,-0.061483
16.98,-0.057359
16.99,-0.053248
17,-0.049246
17.01,-0.045448
17.02,-0.041939
17.03,-0.038795
17.04,-0.036083
17.05,-0.033856
17.06,-0.032155
17.07,-0.031006
17.08,-0.030423
17.09,-0.030405
17.1,-0.030937
17.11,-0.031991
17.12,-0.03353
17.13,-0.035503
17.14,-0.037851
17.15,-0.040509
17.16,-0.043405
17.17,-0.046465
17.18,-0.049614
17.19,-0.052774
17.2,-0.055874
17.21,-0.058845
17.22,-0.061623
17.23,-0.064154
17.24,-0.06639
17.25,-0.068295
17.26,-0.069842
17.27,-0.071014
17.28,-0.071807
17.29,-0.072225
17.3,-0.072284
17.31,-0.072009
17.32,-0.071433
17.33,-0.070597
17.34,-0.069546
17.35,-0.068332
17.36,-0.067009
17.37,-0.06563
17.38,-0.064251
17.39,-0.062922
17.4,-0.061692
17.41,-0.060605
17.42,-0.059697
17.43,-0.058997
17.44,-0.058528
17.45,-0.0583
17.46,-0.058318
17.47,-0.058574
17.48,-0.059055
17.49,-0.059736
17.5,-0.060586
17.51,-0.061564
17.52,-0.062627
17.53,-0.063724
17.54,-0.064802
17.55,-0.065805
17.56,-0.06668
17.57,-0.06737
17.58,-0.067824
17.59,-0.067995
17.6,-0.06784
17.61,-0.067325
17.62,-0.066421
17.63,-0.065111
17.64,-0.063385
17.65,-0.061243
17.66,-0.058695
17.67,-0.055762
17.68,-0.052473
17.69,-0.048867
17.7,-0.044991
17.71,-0.040899
17.72,-0.036651
17.73,-0.032312
17.74,-0.027949
17.75,-0.023634
17.76,-0.019434
17.77,-0.015419
17.78,-0.011653
17.79,-0.008198
17.8,-0.005106
17.81,-0.002425
17.82,-0.000194
17.83,0.001559
17.84,0.002816
17.85,0.003568
17.86,0.00382
17.87,0.003585
17.88,0.002888
17.89,0.001767
17.9,0.000265
17.91,-0.001562
17.92,-0.003653
17.93,-0.005939
17.94,-0.008347
17.95,-0.010801
17.96,-0.013221
17.97,-0.015529
17.98,-0.017648
17.99,-0.019504
18,-0.021029
18.01,-0.02216
18.02,-0.022842
18.03,-0.023029
18.04,-0.022687
18.05,-0.02179
18.06,-0.020324
18.07,-0.018289
18.08,-0.015695
18.09,-0.012564
18.1,-0.00893
18.11,-0.004837
18.12,-0.000339
18.13,0.0045
18.14,0.009609
18.15,0.014913
18.16,0.020329
18.17,0.025775
18.18,0.031163
18.19,0.03641
18.2,0.041434
18.21,0.046156
18.22,0.050504
18.23,0.054415
18.24,0.05783
18.25,0.060705
18.26,0.063003
18.27,0.064702
18.28,0.065791
18.29,0.066269
18.3,0.066152
18.31,0.065465
18.32,0.064247
18.33,0.062545
18.34,0.060419
18.35,0.057936
18.36,0.055172
18.37,0.052206
18.38,0.049123
18.39,0.046009
18.4,0.042952
18.41,0.040037
18.42,0.037345
18.43,0.034952
18.44,0.032928
18.45,0.031334
18.46,0.030218
18.47,0.029622
18.48,0.029571
18.49,0.03008
18.5,0.031149
18.51,0.032766
18.52,0.034905
18.53,0.037528
18.54,0.040584
18.55,0.044011
18.56,0.04774
18.57,0.051689
18.58,0.055776
18.59,0.059909
18.6,0.063996
18.61,0.067946
18.62,0.071668
18.63,0.075074
18.64,0.078085
18.65,0.080628
18.66,0.08264
18.67,0.084069
18.68,0.084876
18.69,0.085035
18.7,0.084536
18.71,0.083382
18.72,0.081593
18.73,0.079201
18.74,0.076254
18.75,0.072814
18.76,0.068952
18.77,0.064753
18.78,0.060307
18.79,0.055714
18.8,0.051077
18.81,0.046501
18.82,0.04209
18.83,0.037947
18.84,0.034169
18.85,0.030845
18.86,0.028056
18.87,0.02587
18.88,0.024344
18.89,0.023516
18.9,0.023413
18.91,0.024042
18.92,0.025395
18.93,0.027447
18.94,0.030155
18.95,0.033461
18.96,0.037292
18.97,0.041563
18.98,0.046177
18.99,0.051028
19,0.056002
19.01,0.060981
19.02,0.065847
19.03,0.070481
19.04,0.074768
19.05,0.0786
19.06,0.081878
19.07,0.084512
19.08,0.086428
19.09,0.087565
19.1,0.087879
19.11,0.087345
19.12,0.085954
19.13,0.083717
19.14,0.080662
19.15,0.076835
19.16,0.072301
19.17,0.067138
19.18,0.061437
19.19,0.055302
19.2,0.048846
19.21,0.042189
19.22,0.035453
19.23,0.028762
19.24,0.02224
19.25,0.016003
19.26,0.010161
19.27,0.004817
19.28,0.000057
19.29,-0.004044
19.3,-0.007426
19.31,-0.010049
19.32,-0.011889
19.33,-0.01294
19.34,-0.013215
19.35,-0.012746
19.36,-0.011578
19.37,-0.009777
19.38,-0.007419
19.39,-0.004594
19.4,-0.0014
19.41,0.002056
19.42,0.005662
19.43,0.009307
19.44,0.012879
19.45,0.01627
19.46,0.019378
19.47,0.022111
19.48,0.024388
19.49,0.026141
19.5,0.027316
19.51,0.027876
19.52,0.0278
19.53,0.027085
19.54,0.025744
19.55,0.023808
19.56,0.021323
19.57,0.018348
19.58,0.014958
19.59,0.011237
19.6,0.007277
19.61,0.003176
19.62,-0.000964
19.63,-0.005039
19.64,-0.00895
19.65,-0.0126
19.66,-0.0159
19.67,-0.018772
19.68,-0.021148
19.69,-0.022974
19.7,-0.02421
19.71,-0.024834
19.72,-0.024838
19.73,-0.024233
19.74,-0.023045
19.75,-0.021316
19.76,-0.019103
19.77,-0.016478
19.78,-0.01352
19.79,-0.010323
19.8,-0.006984
19.81,-0.003605
19.82,-0.000292
19.83,0.002853
19.84,0.005728
19.85,0.008241
19.86,0.010306
19.87,0.011849
19.88,0.012808
19.89,0.013138
19.9,0.012806
19.91,0.011798
19.92,0.010117
19.93,0.007784
19.94,0.004834
19.95,0.001321
19.96,-0.00269
19.97,-0.007116
19.98,-0.011868
19.99,-0.016845
20,-0.02194
20.01,-0.027043
20.02,-0.032042
20.03,-0.036828
20.04,-0.041294
20.05,-0.045343
20.06,-0.048885
20.07,-0.051841
20.08,-0.054147
20.09,-0.055754
20.1,-0.056628
20.11,-0.056751
20.12,-0.056126
20.13,-0.054769
20.14,-0.052714
20.15,-0.050011
20.16,-0.046725
20.17,-0.042933
20.18,-0.038723
20.19,-0.034192
20.2,-0.029442
20.21,-0.024579
20.22,-0.019711
20.23,-0.014945
20.24,-0.01038
20.25,-0.006113
20.26,-0.00223
20.27,0.001195
20.28,0.004099
20.29,0.006434
20.3,0.008167
20.31,0.009279
20.32,0.00977
20.33,0.009654
20.34,0.00896
20.35,0.007733
20.36,0.006028
20.37,0.003914
20.38,0.001469
20.39,-0.001223
20.4,-0.004072
20.41,-0.006985
20.42,-0.00987
20.43,-0.012637
20.44,-0.0152
20.45,-0.017481
20.46,-0.019409
20.47,-0.020926
20.48,-0.021984
20.49,-0.022551
20.5,-0.022605
20.51,-0.022142
20.52,-0.021172
20.53,-0.019717
20.54,-0.017814
20.55,-0.015512
20.56,-0.012872
20.57,-0.009962
20.58,-0.006858
20.59,-0.003643
20.6,-0.0004
20.61,0.002785
20.62,0.005828
20.63,0.008651
20.64,0.01118
20.65,0.013351
20.66,0.015107
20.67,0.016407
20.68,0.017217
20.69,0.017522
20.7,0.017317
20.71,0.016615
20.72,0.01544
20.73,0.01383
20.74,0.011836
20.75,0.009522
20.76,0.006958
20.77,0.004226
20.78,0.00141
20.79,-0.001401
20.8,-0.004114
20.81,-0.00664
20.82,-0.008894
20.83,-0.010793
20.84,-0.012264
20.85,-0.013243
20.86,-0.013678
20.87,-0.013528
20.88,-0.012768
20.89,-0.011384
20.9,-0.009382
20.91,-0.006777
20.92,-0.003604
20.93,0.000091
20.94,0.004249
20.95,0.008799
20.96,0.01366
20.97,0.018744
20.98,0.023955
20.99,0.029197
21,0.03437
21.01,0.039375
21.02,0.044118
21.03,0.048511
21.04,0.052472
21.05,0.05593
21.06,0.058825
21.07,0.061112
21.08,0.062756
21.09,0.063741
21.1,0.064063
21.11,0.063736
21.12,0.062786
21.13,0.061256
21.14,0.059199
21.15,0.056684
21.16,0.053787
21.17,0.050592
21.18,0.047193
21.19,0.043682
21.2,0.040159
21.21,0.036719
21.22,0.033456
21.23,0.030457
21.24,0.027804
21.25,0.025568
21.26,0.02381
21.27,0.022578
21.28,0.021906
21.29,0.021815
21.3,0.02231
21.31,0.023383
21.32,0.025008
21.33,0.027149
21.34,0.029756
21.35,0.032765
21.36,0.036105
21.37,0.039696
21.38,0.04345
21.39,0.047278
21.4,0.051087
21.41,0.054784
21.42,0.058282
21.43,0.061496
21.44,0.064349
21.45,0.066772
21.46,0.068708
21.47,0.070113
21.48,0.070952
21.49,0.071209
21.5,0.070877
21.51,0.069969
21.52,0.068508
21.53,0.066531
21.54,0.06409
21.55,0.061245
21.56,0.058068
21.57,0.054638
21.58,0.05104
21.59,0.047364
21.6,0.043698
21.61,0.040134
21.62,0.036759
21.63,0.033653
21.64,0.030893
21.65,0.028543
21.66,0.026659
21.67,0.025284
21.68,0.024448
21.69,0.024167
21.7,0.024444
21.71,0.025265
21.72,0.026605
21.73,0.028424
21.74,0.030669
21.75,0.033278
21.76,0.036178
21.77,0.039288
21.78,0.042521
21.79,0.045789
21.8,0.048999
21.81,0.052061
21.82,0.054889
21.83,0.057399
21.84,0.059517
21.85,0.061178
21.86,0.062328
21.87,0.062923
21.88,0.062936
21.89,0.06235
21.9,0.061166
21.91,0.059397
21.92,0.057072
21.93,0.054231
21.94,0.05093
21.95,0.047233
21.96,0.043214
21.97,0.038957
21.98,0.034549
21.99,0.030083
22,0.025651
22.01,0.021345
22.02,0.017255
22.03,0.013462
22.04,0.010044
22.05,0.007067
22.06,0.004586
22.07,0.002644
22.08,0.001272
22.09,0.000487
22.1,0.000288
22.11,0.000665
22.12,0.00159
22.13,0.003025
22.14,0.004916
22.15,0.007203
22.16,0.009813
22.17,0.012667
22.18,0.015683
22.19,0.018773
22.2,0.02185
22.21,0.024828
22.22,0.027626
22.23,0.030167
22.24,0.032382
22.25,0.034215
22.26,0.035617
22.27,0.036553
22.28,0.037001
22.29,0.036954
22.3,0.036417
22.31,0.035409
22.32,0.033964
22.33,0.032125
22.34,0.029948
22.35,0.027498
22.36,0.024847
22.37,0.022072
22.38,0.019255
22.39,0.016478
22.4,0.013821
22.41,0.011361
22.42,0.009169
22.43,0.007309
22.44,0.005834
22.45,0.004786
22.46,0.004195
22.47,0.004076
22.48,0.004432
22.49,0.005249
22.5,0.0065
22.51,0.008145
22.52,0.010129
22.53,0.012388
22.54,0.014847
22.55,0.017422
22.56,0.020024
22.57,0.022561
22.58,0.02494
22.59,0.027069
22.6,0.028859
22.61,0.030229
22.62,0.031107
22.63,0.03143
22.64,0.03115
22.65,0.03023
22.66,0.028652
22.67,0.026413
22.68,0.023525
22.69,0.020019
22.7,0.01594
22.71,0.011349
22.72,0.006323
22.73,0.000947
22.74,-0.00468
22.75,-0.010453
22.76,-0.016261
22.77,-0.021991
22.78,-0.027529
22.79,-0.032766
22.8,-0.037595
22.81,-0.041922
22.82,-0.045661
22.83,-0.048739
22.84,-0.051099
22.85,-0.0527
22.86,-0.053521
22.87,-0.053555
22.88,-0.052817
22.89,-0.05134
22.9,-0.049174
22.91,-0.046386
22.92,-0.043058
22.93,-0.039285
22.94,-0.035171
22.95,-0.030832
22.96,-0.026386
22.97,-0.021954
22.98,-0.017657
22.99,-0.013611
23,-0.009926
23.01,-0.006703
23.02,-0.004029
23.03,-0.001977
23.04,-0.000606
23.05,0.000047
23.06,-0.000039
23.07,-0.000865
23.08,-0.002412
23.09,-0.00464
23.1,-0.007494
23.11,-0.010899
23.12,-0.014767
23.13,-0.018996
23.14,-0.023473
23.15,-0.028081
23.16,-0.032694
23.17,-0.037187
23.18,-0.041438
23.19,-0.04533
23.2,-0.048751
23.21,-0.051605
23.22,-0.053806
23.23,-0.055287
23.24,-0.055997
23.25,-0.055905
23.26,-0.055
23.27,-0.053293
23.28,-0.050814
23.29,-0.047613
23.3,-0.04376
23.31,-0.039343
23.32,-0.034462
23.33,-0.029232
23.34,-0.023778
23.35,-0.01823
23.36,-0.012724
23.37,-0.007394
23.38,-0.002373
23.39,0.002216
23.4,0.006256
23.41,0.009644
23.42,0.012293
23.43,0.014133
23.44,0.015112
23.45,0.0152
23.46,0.014388
23.47,0.012689
23.48,0.010138
23.49,0.00679
23.5,0.002719
23.51,-0.001983
23.52,-0.007207
23.53,-0.012833
23.54,-0.018731
23.55,-0.024762
23.56,-0.030785
23.57,-0.03666
23.58,-0.042248
23.59,-0.047419
23.6,-0.052049
23.61,-0.056031
23.62,-0.059271
23.63,-0.061692
23.64,-0.063237
23.65,-0.063868
23.66,-0.063571
23.67,-0.062351
23.68,-0.060235
23.69,-0.05727
23.7,-0.053523
23.71,-0.049078
23.72,-0.044034
23.73,-0.038502
23.74,-0.032605
23.75,-0.026471
23.76,-0.020233
23.77,-0.014024
23.78,-0.007975
23.79,-0.00221
23.8,0.003155
23.81,0.008015
23.82,0.012278
23.83,0.015869
23.84,0.01873
23.85,0.02082
23.86,0.022119
23.87,0.022626
23.88,0.022357
23.89,0.021348
23.9,0.019651
23.91,0.017335
23.92,0.014481
23.93,0.011182
23.94,0.007539
23.95,0.003659
23.96,-0.000347
23.97,-0.004368
23.98,-0.008294
23.99,-0.012022
24,-0.015456
24.01,-0.018507
24.02,-0.021101
24.03,-0.023176
24.04,-0.024683
24.05,-0.025591
24.06,-0.025883
24.07,-0.025557
24.08,-0.024628
24.09,-0.023126
24.1,-0.021094
24.11,-0.018585
24.12,-0.015666
24.13,-0.01241
24.14,-0.008898
24.15,-0.005213
24.16,-0.001443
24.17,0.002328
24.18,0.006017
24.19,0.009544
24.2,0.012838
24.21,0.015835
24.22,0.018482
24.23,0.020735
24.24,0.022563
24.25,0.023946
24.26,0.024877
24.27,0.025361
24.28,0.025415
24.29,0.025065
24.3,0.024348
24.31,0.023309
24.32,0.022
24.33,0.020479
24.34,0.018806
24.35,0.017043
24.36,0.015252
24.37,0.013496
24.38,0.011829
24.39,0.010306
24.4,0.008971
24.41,0.007865
24.42,0.007016
24.43,0.006447
24.44,0.006172
24.45,0.006192
24.46,0.006502
24.47,0.007089
24.48,0.007929
24.49,0.008992
24.5,0.010243
24.51,0.011642
24.52,0.013142
24.53,0.014698
24.54,0.016261
24.55,0.017785
24.56,0.019221
24.57,0.020529
24.58,0.021669
24.59,0.022606
24.6,0.023313
24.61,0.023769
24.62,0.023959
24.63,0.023875
24.64,0.023518
24.65,0.022894
24.66,0.022018
24.67,0.020909
24.68,0.019593
24.69,0.018102
24.7,0.016469
24.71,0.014732
24.72,0.01293
24.73,0.011105
24.74,0.009297
24.75,0.007545
24.76,0.005886
24.77,0.004357
24.78,0.002987
24.79,0.001806
24.8,0.000835
24.81,0.000092
24.82,-0.000409
24.83,-0.00066
24.84,-0.00066
24.85,-0.000411
24.86,0.000081
24.87,0.000805
24.88,0.001745
24.89,0.002882
24.9,0.004196
24.91,0.005662
24.92,0.007256
24.93,0.00895
24.94,0.010718
24.95,0.012531
24.96,0.014362
24.97,0.016185
24.98,0.017973
24.99,0.019702
25,0.021348
25.01,0.022889
25.02,0.024304
25.03,0.025574
25.04,0.026681
25.05,0.027609
25.06,0.028344
25.07,0.028873
25.08,0.029184
25.09,0.029266
25.1,0.029111
25.11,0.028713
25.12,0.028065
25.13,0.027163
25.14,0.026007
25.15,0.024597
25.16,0.022936
25.17,0.021029
25.18,0.018884
25.19,0.016513
25.2,0.013929
25.21,0.011152
25.22,0.008202
25.23,0.005103
25.24,0.001884
25.25,-0.001424
25.26,-0.004788
25.27,-0.00817
25.28,-0.011532
25.29,-0.014833
25.3,-0.018031
25.31,-0.021085
25.32,-0.023954
25.33,-0.026597
25.34,-0.028976
25.35,-0.031057
25.36,-0.032809
25.37,-0.034206
25.38,-0.035228
25.39,-0.03586
25.4,-0.036095
25.41,-0.035933
25.42,-0.035381
25.43,-0.034454
25.44,-0.033176
25.45,-0.031577
25.46,-0.029693
25.47,-0.02757
25.48,-0.025255
25.49,-0.022804
25.5,-0.020274
25.51,-0.017726
25.52,-0.01522
25.53,-0.012819
25.54,-0.010581
25.55,-0.008563
25.56,-0.006817
25.57,-0.00539
25.58,-0.004321
25.59,-0.003642
25.6,-0.003377
25.61,-0.003538
25.62,-0.00413
25.63,-0.005147
25.64,-0.006572
25.65,-0.008379
25.66,-0.010533
25.67,-0.012991
25.68,-0.015702
25.69,-0.018608
25.7,-0.021648
25.71,-0.024755
25.72,-0.027864
25.73,-0.030905
25.74,-0.033813
25.75,-0.036525
25.76,-0.038982
25.77,-0.041132
25.78,-0.042931
25.79,-0.04434
25.8,-0.045334
25.81,-0.045895
25.82,-0.046016
25.83,-0.0457
25.84,-0.044962
25.85,-0.043824
25.86,-0.042319
25.87,-0.040489
25.88,-0.03838
25.89,-0.036048
25.9,-0.033549
25.91,-0.030943
25.92,-0.028293
25.93,-0.025659
25.94,-0.0231
25.95,-0.020669
25.96,-0.018416
25.97,-0.016383
25.98,-0.014606
25.99,-0.013111
26,-0.011916
26.01,-0.011028
26.02,-0.010446
26.03,-0.010161
26.04,-0.010152
26.05,-0.010394
26.06,-0.010852
26.07,-0.011487
26.08,-0.012257
26.09,-0.013113
26.1,-0.01401
26.11,-0.014901
26.12,-0.01574
26.13,-0.016486
26.14,-0.017104
26.15,-0.017563
26.16,-0.017841
26.17,-0.017923
26.18,-0.017804
26.19,-0.017487
26.2,-0.016984
26.21,-0.016317
26.22,-0.015513
26.23,-0.014609
26.24,-0.013648
26.25,-0.012676
26.26,-0.011743
26.27,-0.0109
26.28,-0.010201
26.29,-0.009692
26.3,-0.009421
26.31,-0.009427
26.32,-0.009743
26.33,-0.010394
26.34,-0.011395
26.35,-0.012751
26.36,-0.014455
26.37,-0.016489
26.38,-0.018824
26.39,-0.021419
26.4,-0.024225
26.41,-0.027181
26.42,-0.030222
26.43,-0.033272
26.44,-0.036255
26.45,-0.039091
26.46,-0.041699
26.47,-0.044003
26.48,-0.045928
26.49,-0.047407
26.5,-0.048383
26.51,-0.048808
26.52,-0.048646
26.53,-0.047875
26.54,-0.046487
26.55,-0.044491
26.56,-0.041908
26.57,-0.038776
26.58,-0.035148
26.59,-0.031091
26.6,-0.026682
26.61,-0.022011
26.62,-0.017174
26.63,-0.012276
26.64,-0.007423
26.65,-0.002724
26.66,0.001715
26.67,0.005792
26.68,0.009411
26.69,0.012488
26.7,0.01495
26.71,0.016735
26.72,0.017801
26.73,0.018121
26.74,0.017685
26.75,0.016502
26.76,0.0146
26.77,0.012023
26.78,0.008833
26.79,0.005107
26.8,0.000936
26.81,-0.003578
26.82,-0.008326
26.83,-0.01319
26.84,-0.01805
26.85,-0.022786
26.86,-0.02728
26.87,-0.031422
26.88,-0.035109
26.89,-0.038248
26.9,-0.040762
26.91,-0.04259
26.92,-0.043685
26.93,-0.044022
26.94,-0.043593
26.95,-0.04241
26.96,-0.040504
26.97,-0.037923
26.98,-0.034734
26.99,-0.031018
27,-0.026869
27.01,-0.022391
27.02,-0.017696
27.03,-0.012904
27.04,-0.008132
27.05,-0.003498
27.06,0.000884
27.07,0.004907
27.08,0.008475
27.09,0.011506
27.1,0.013929
27.11,0.015693
27.12,0.016762
27.13,0.017121
27.14,0.016772
27.15,0.015737
27.16,0.014055
27.17,0.011784
27.18,0.008995
27.19,0.005773
27.2,0.002216
27.21,-0.001573
27.22,-0.005483
27.23,-0.009402
27.24,-0.013217
27.25,-0.016819
27.26,-0.020107
27.27,-0.022987
27.28,-0.025377
27.29,-0.027212
27.3,-0.028437
27.31,-0.029018
27.32,-0.028938
27.33,-0.028196
27.34,-0.026812
27.35,-0.024821
27.36,-0.022275
27.37,-0.019242
27.38,-0.0158
27.39,-0.012041
27.4,-0.008063
27.41,-0.003969
27.42,0.000133
27.43,0.004138
27.44,0.007942
27.45,0.01145
27.46,0.014573
27.47,0.017234
27.48,0.019368
27.49,0.020926
27.5,0.021874
27.51,0.022195
27.52,0.021889
27.53,0.020972
27.54,0.019477
27.55,0.017451
27.56,0.014957
27.57,0.012068
27.58,0.008866
27.59,0.005442
27.6,0.00189
27.61,-0.001692
27.62,-0.005209
27.63,-0.008567
27.64,-0.011681
27.65,-0.014472
27.66,-0.016871
27.67,-0.018825
27.68,-0.02029
27.69,-0.02124
27.7,-0.021664
27.71,-0.021564
27.72,-0.02096
27.73,-0.019885
27.74,-0.018386
27.75,-0.016521
27.76,-0.014359
27.77,-0.011976
27.78,-0.009454
27.79,-0.006877
27.8,-0.004331
27.81,-0.001897
27.82,0.000346
27.83,0.002328
27.84,0.003985
27.85,0.005269
27.86,0.006139
27.87,0.006573
27.88,0.00656
27.89,0.006104
27.9,0.005226
27.91,0.003959
27.92,0.002348
27.93,0.000454
27.94,-0.001657
27.95,-0.003908
27.96,-0.006216
27.97,-0.008498
27.98,-0.010667
27.99,-0.012639
28,-0.014336
28.01,-0.015685
28.02,-0.016624
28.03,-0.0171
28.04,-0.017077
28.05,-0.016529
28.06,-0.015448
28.07,-0.013842
28.08,-0.011735
28.09,-0.009165
28.1,-0.006187
28.11,-0.002868
28.12,0.000713
28.13,0.004464
28.14,0.008289
28.15,0.012085
28.16,0.015748
28.17,0.019171
28.18,0.022254
28.19,0.024901
28.2,0.027025
28.21,0.028549
28.22,0.029411
28.23,0.029563
28.24,0.028973
28.25,0.027629
28.26,0.025534
28.27,0.022713
28.28,0.019205
28.29,0.01507
28.3,0.010382
28.31,0.005229
28.32,-0.000286
28.33,-0.006053
28.34,-0.011953
28.35,-0.017863
28.36,-0.023659
28.37,-0.029216
28.38,-0.034417
28.39,-0.03915
28.4,-0.043312
28.41,-0.046815
28.42,-0.049585
28.43,-0.051562
28.44,-0.052706
28.45,-0.052996
28.46,-0.052428
28.47,-0.05102
28.48,-0.048807
28.49,-0.045842
28.5,-0.042196
28.51,-0.037952
28.52,-0.03321
28.53,-0.028077
28.54,-0.022669
28.55,-0.017108
28.56,-0.011517
28.57,-0.00602
28.58,-0.000737
28.59,0.004218
28.6,0.008741
28.61,0.012737
28.62,0.016125
28.63,0.018838
28.64,0.020824
28.65,0.022051
28.66,0.022499
28.67,0.022172
28.68,0.021084
28.69,0.019271
28.7,0.01678
28.71,0.013676
28.72,0.010031
28.73,0.00593
28.74,0.001467
28.75,-0.003261
28.76,-0.008153
28.77,-0.013106
28.78,-0.018021
28.79,-0.0228
28.8,-0.027352
28.81,-0.031594
28.82,-0.035451
28.83,-0.03886
28.84,-0.041769
28.85,-0.04414
28.86,-0.045944
28.87,-0.04717
28.88,-0.047816
28.89,-0.047894
28.9,-0.047427
28.91,-0.046448
28.92,-0.045
28.93,-0.043133
28.94,-0.040905
28.95,-0.038377
28.96,-0.035613
28.97,-0.032679
28.98,-0.029641
28.99,-0.026564
29,-0.023508
29.01,-0.020529
29.02,-0.01768
29.03,-0.015006
29.04,-0.012544
29.05,-0.010325
29.06,-0.008374
29.07,-0.006707
29.08,-0.00533
29.09,-0.004247
29.1,-0.003452
29.11,-0.002934
29.12,-0.002677
29.13,-0.00266
29.14,-0.00286
29.15,-0.003251
29.16,-0.003804
29.17,-0.004491
29.18,-0.005282
29.19,-0.006151
29.2,-0.00707
29.21,-0.008015
29.22,-0.008964
29.23,-0.009897
29.24,-0.010797
29.25,-0.011652
29.26,-0.012449
29.27,-0.013182
29.28,-0.013845
29.29,-0.014435
29.3,-0.014952
29.31,-0.015395
29.32,-0.015768
29.33,-0.016073
29.34,-0.016315
29.35,-0.016497
29.36,-0.016624
29.37,-0.0167
29.38,-0.016728
29.39,-0.016713
29.4,-0.016656
29.41,-0.01656
29.42,-0.016428
29.43,-0.016261
29.44,-0.01606
29.45,-0.015828
29.46,-0.015565
29.47,-0.015276
29.48,-0.014962
29.49,-0.014626
29.5,-0.014274
29.51,-0.01391
29.52,-0.01354
29.53,-0.013172
29.54,-0.012812
29.55,-0.012469
29.56,-0.01215
29.57,-0.011865
29.58,-0.01162
29.59,-0.011424
29.6,-0.011282
29.61,-0.011199
29.62,-0.011179
29.63,-0.011221
29.64,-0.011326
29.65,-0.011489
29.66,-0.011704
29.67,-0.011961
29.68,-0.01225
29.69,-0.012554
29.7,-0.012859
29.71,-0.013145
29.72,-0.013392
29.73,-0.01358
29.74,-0.013687
29.75,-0.013691
29.76,-0.013574
29.77,-0.013317
29.78,-0.012904
29.79,-0.012322
29.8,-0.011563
29.81,-0.010622
29.82,-0.0095
29.83,-0.008202
29.84,-0.00674
29.85,-0.00513
29.86,-0.003394
29.87,-0.001561
29.88,0.000337
29.89,0.002264
29.9,0.004179
29.91,0.006039
29.92,0.007799
29.93,0.009414
29.94,0.010838
29.95,0.012029
29.96,0.012945
29.97,0.013552
29.98,0.013817
29.99,0.013717
30,0.013235
30.01,0.012361
30.02,0.011096
30.03,0.009449
30.04,0.007439
30.05,0.005094
30.06,0.00245
30.07,-0.000445
30.08,-0.003539
30.09,-0.00677
30.1,-0.010072
30.11,-0.013374
30.12,-0.016602
30.13,-0.019682
30.14,-0.022539
30.15,-0.025101
30.16,-0.0273
30.17,-0.029074
30.18,-0.030369
30.19,-0.031138
30.2,-0.031347
30.21,-0.03097
30.22,-0.029997
30.23,-0.028428
30.24,-0.026277
30.25,-0.023571
30.26,-0.02035
30.27,-0.016665
30.28,-0.01258
30.29,-0.008168
30.3,-0.003509
30.31,0.001308
30.32,0.006191
30.33,0.011043
30.34,0.015769
30.35,0.020274
30.36,0.024466
30.37,0.028262
30.38,0.031583
30.39,0.034362
30.4,0.036543
30.41,0.038082
30.42,0.03895
30.43,0.039131
30.44,0.038625
30.45,0.037448
30.46,0.035629
30.47,0.033214
30.48,0.030259
30.49,0.026834
30.5,0.023021
30.51,0.018907
30.52,0.014589
30.53,0.010167
30.54,0.005744
30.55,0.001423
30.56,-0.002696
30.57,-0.006519
30.58,-0.009956
30.59,-0.012928
30.6,-0.015366
30.61,-0.017213
30.62,-0.018428
30.63,-0.018981
30.64,-0.01886
30.65,-0.018066
30.66,-0.016619
30.67,-0.014551
30.68,-0.011908
30.69,-0.00875
30.7,-0.005148
30.71,-0.001185
30.72,0.003052
30.73,0.007468
30.74,0.011963
30.75,0.016438
30.76,0.020795
30.77,0.024937
30.78,0.028774
30.79,0.032224
30.8,0.035213
30.81,0.037678
30.82,0.039569
30.83,0.04085
30.84,0.041497
30.85,0.041501
30.86,0.04087
30.87,0.039623
30.88,0.037795
30.89,0.035432
30.9,0.032594
30.91,0.029347
30.92,0.02577
30.93,0.021946
30.94,0.017963
30.95,0.013912
30.96,0.009885
30.97,0.00597
30.98,0.002255
30.99,-0.001181
31,-0.004265
31.01,-0.006933
31.02,-0.00913
31.03,-0.010814
31.04,-0.011955
31.05,-0.012536
31.06,-0.012552
31.07,-0.012011
31.08,-0.010935
31.09,-0.009357
31.1,-0.007321
31.11,-0.004882
31.12,-0.002102
31.13,0.000948
31.14,0.004194
31.15,0.007555
31.16,0.010951
31.17,0.0143
31.18,0.017523
31.19,0.020543
31.2,0.02329
31.21,0.025699
31.22,0.027715
31.23,0.029289
31.24,0.030385
31.25,0.030977
31.26,0.031049
31.27,0.030599
31.28,0.029634
31.29,0.028174
31.3,0.026249
31.31,0.023899
31.32,0.021173
31.33,0.018129
31.34,0.014829
31.35,0.011343
31.36,0.007744
31.37,0.004107
31.38,0.000508
31.39,-0.002978
31.4,-0.006278
31.41,-0.009323
31.42,-0.012051
31.43,-0.014404
31.44,-0.016333
31.45,-0.017797
31.46,-0.018764
31.47,-0.019214
31.48,-0.019136
31.49,-0.018529
31.5,-0.017403
31.51,-0.015778
31.52,-0.013684
31.53,-0.011162
31.54,-0.008259
31.55,-0.00503
31.56,-0.001537
31.57,0.002153
31.58,0.005969
31.59,0.009836
31.6,0.013682
31.61,0.01743
31.62,0.021007
31.63,0.024345
31.64,0.027377
31.65,0.030043
31.66,0.03229
31.67,0.034072
31.68,0.035352
31.69,0.036101
31.7,0.036302
31.71,0.035947
31.72,0.035037
31.73,0.033585
31.74,0.031614
31.75,0.029154
31.76,0.026248
31.77,0.022944
31.78,0.019299
31.79,0.015375
31.8,0.011242
31.81,0.006971
31.82,0.002636
31.83,-0.001686
31.84,-0.005922
31.85,-0.009996
31.86,-0.013838
31.87,-0.017382
31.88,-0.020567
31.89,-0.02334
31.9,-0.025655
31.91,-0.027473
31.92,-0.028769
31.93,-0.029522
31.94,-0.029726
31.95,-0.029384
31.96,-0.028509
31.97,-0.027123
31.98,-0.025259
31.99,-0.02296
32,-0.020274
32.01,-0.017259
32.02,-0.013976
32.03,-0.010495
32.04,-0.006884
32.05,-0.003217
32.06,0.000433
32.07,0.003995
32.08,0.0074
32.09,0.010583
32.1,0.013483
32.11,0.016046
32.12,0.018228
32.13,0.01999
32.14,0.021304
32.15,0.022151
32.16,0.022523
32.17,0.02242
32.18,0.021854
32.19,0.020846
32.2,0.019426
32.21,0.017631
32.22,0.015508
32.23,0.013107
32.24,0.010487
32.25,0.007708
32.26,0.004832
32.27,0.001925
32.28,-0.00095
32.29,-0.003733
32.3,-0.006363
32.31,-0.008788
32.32,-0.010958
32.33,-0.012834
32.34,-0.014379
32.35,-0.015569
32.36,-0.016387
32.37,-0.016823
32.38,-0.016879
32.39,-0.016563
32.4,-0.015894
32.41,-0.014896
32.42,-0.013603
32.43,-0.012051
32.44,-0.010285
32.45,-0.008352
32.46,-0.006301
32.47,-0.004184
32.48,-0.002051
32.49,0.000046
32.5,0.002062
32.51,0.003951
32.52,0.005674
32.53,0.007197
32.54,0.008494
32.55,0.009541
32.56,0.010326
32.57,0.010842
32.58,0.011089
32.59,0.011075
32.6,0.010813
32.61,0.010324
32.62,0.009633
32.63,0.00877
32.64,0.007768
32.65,0.006663
32.66,0.005493
32.67,0.004295
32.68,0.003106
32.69,0.001961
32.7,0.000893
32.71,-0.000069
32.72,-0.000901
32.73,-0.001581
32.74,-0.002096
32.75,-0.002435
32.76,-0.002596
32.77,-0.002579
32.78,-0.002391
32.79,-0.002044
32.8,-0.001553
32.81,-0.000939
32.82,-0.000222
32.83,0.000573
32.84,0.001421
32.85,0.002297
32.86,0.003177
32.87,0.004037
32.88,0.004859
32.89,0.005624
32.9,0.00632
32.91,0.006937
32.92,0.007471
32.93,0.007922
32.94,0.008295
32.95,0.008598
32.96,0.008845
32.97,0.009053
32.98,0.009242
32.99,0.009434
33,0.009653
33.01,0.009922
33.02,0.010265
33.03,0.010704
33.04,0.011259
33.05,0.011947
33.06,0.01278
33.07,0.013767
33.08,0.014909
33.09,0.016203
33.1,0.017641
33.11,0.019208
33.12,0.020883
33.13,0.022639
33.14,0.024446
33.15,0.026267
33.16,0.028064
33.17,0.029794
33.18,0.031415
33.19,0.032884
33.2,0.034157
33.21,0.035194
33.22,0.035959
33.23,0.03642
33.24,0.036548
33.25,0.036324
33.26,0.035736
33.27,0.034777
33.28,0.033452
33.29,0.031772
33.3,0.029759
33.31,0.027442
33.32,0.024856
33.33,0.022048
33.34,0.019067
33.35,0.015969
33.36,0.012815
33.37,0.009667
33.38,0.006589
33.39,0.003646
33.4,0.000898
33.41,-0.001595
33.42,-0.003779
33.43,-0.005606
33.44,-0.007036
33.45,-0.008036
33.46,-0.008584
33.47,-0.008666
33.48,-0.00828
33.49,-0.007433
33.5,-0.006143
33.51,-0.004438
33.52,-0.002355
33.53,0.000061
33.54,0.002757
33.55,0.005673
33.56,0.008745
33.57,0.011906
33.58,0.015087
33.59,0.01822
33.6,0.021237
33.61,0.024074
33.62,0.026671
33.63,0.028975
33.64,0.030941
33.65,0.032529
33.66,0.033713
33.67,0.034472
33.68,0.034798
33.69,0.034692
33.7,0.034165
33.71,0.033238
33.72,0.031939
33.73,0.030308
33.74,0.028386
33.75,0.026225
33.76,0.023877
33.77,0.0214
33.78,0.018851
33.79,0.016288
33.8,0.013766
33.81,0.011338
33.82,0.009052
33.83,0.006951
33.84,0.00507
33.85,0.003438
33.86,0.002076
33.87,0.000995
33.88,0.0002
33.89,-0.000314
33.9,-0.000558
33.91,-0.000552
33.92,-0.000322
33.93,0.000101
33.94,0.000683
33.95,0.001383
33.96,0.002161
33.97,0.002977
33.98,0.00379
33.99,0.004562
34,0.005259
34.01,0.005848
34.02,0.006306
34.03,0.006613
34.04,0.006757
34.05,0.006731
34.06,0.006538
34.07,0.006186
34.08,0.00569
34.09,0.005073
34.1,0.004361
34.11,0.003585
34.12,0.002783
34.13,0.00199
34.14,0.001248
34.15,0.000594
34.16,0.000068
34.17,-0.000295
34.18,-0.000465
34.19,-0.000413
34.2,-0.000118
34.21,0.000434
34.22,0.001251
34.23,0.002334
34.24,0.003673
34.25,0.005255
34.26,0.007055
34.27,0.009045
34.28,0.011188
34.29,0.013443
34.3,0.015763
34.31,0.0181
34.32,0.020402
34.33,0.022618
34.34,0.024696
34.35,0.026587
34.36,0.028247
34.37,0.029632
34.38,0.03071
34.39,0.03145
34.4,0.031832
34.41,0.031843
34.42,0.031478
34.43,0.030743
34.44,0.02965
34.45,0.02822
34.46,0.026483
34.47,0.024474
34.48,0.022238
34.49,0.019821
34.5,0.017276
34.51,0.014657
34.52,0.012021
34.53,0.009423
34.54,0.006918
34.55,0.004558
34.56,0.00239
34.57,0.000459
34.58,-0.001201
34.59,-0.002558
34.6,-0.003592
34.61,-0.004289
34.62,-0.004643
34.63,-0.004657
34.64,-0.004342
34.65,-0.003717
34.66,-0.002809
34.67,-0.001649
34.68,-0.000276
34.69,0.001269
34.7,0.002939
34.71,0.004688
34.72,0.006468
34.73,0.008231
34.74,0.009932
34.75,0.011528
34.76,0.012981
34.77,0.014257
34.78,0.015329
34.79,0.016175
34.8,0.016781
34.81,0.017139
34.82,0.01725
34.83,0.017119
34.84,0.01676
34.85,0.016192
34.86,0.015439
34.87,0.014532
34.88,0.013503
34.89,0.012386
34.9,0.01122
34.91,0.01004
34.92,0.008885
34.93,0.007789
34.94,0.006785
34.95,0.0059
34.96,0.005159
34.97,0.004582
34.98,0.004182
34.99,0.003967
35,0.003939
35.01,0.004095
35.02,0.004423
35.03,0.004909
35.04,0.005534
35.05,0.006272
35.06,0.007096
35.07,0.007975
35.08,0.008878
35.09,0.009771
35.1,0.010623
35.11,0.011401
35.12,0.012078
35.13,0.012625
35.14,0.013023
35.15,0.013251
35.16,0.013298
35.17,0.013155
35.18,0.012821
35.19,0.0123
35.2,0.011599
35.21,0.010734
35.22,0.009724
35.23,0.008593
35.24,0.007368
35.25,0.006081
35.26,0.004762
35.27,0.003448
35.28,0.002173
35.29,0.00097
35.3,-0.000128
35.31,-0.001089
35.32,-0.001887
35.33,-0.002499
35.34,-0.002904
35.35,-0.003088
35.36,-0.003042
35.37,-0.002763
35.38,-0.002253
35.39,-0.001519
35.4,-0.000574
35.41,0.000563
35.42,0.00187
35.43,0.003319
35.44,0.00488
35.45,0.006521
35.46,0.008204
35.47,0.009895
35.48,0.011555
35.49,0.013149
35.5,0.01464
35.51,0.015996
35.52,0.017187
35.53,0.018184
35.54,0.018964
35.55,0.019509
35.56,0.019803
35.57,0.019839
35.58,0.01961
35.59,0.019119
35.6,0.01837
35.61,0.017375
35.62,0.016148
35.63,0.014709
35.64,0.01308
35.65,0.011289
35.66,0.009363
35.67,0.007334
35.68,0.005234
35.69,0.003096
35.7,0.000954
35.71,-0.00116
35.72,-0.003212
35.73,-0.005174
35.74,-0.007015
35.75,-0.00871
35.76,-0.010235
35.77,-0.011571
35.78,-0.012699
35.79,-0.013607
35.8,-0.014285
35.81,-0.014726
35.82,-0.014928
35.83,-0.014894
35.84,-0.014627
35.85,-0.014136
35.86,-0.013432
35.87,-0.012531
35.88,-0.01145
35.89,-0.010208
35.9,-0.008827
35.91,-0.007332
35.92,-0.005747
35.93,-0.004099
35.94,-0.002415
35.95,-0.000722
35.96,0.000952
35.97,0.00258
35.98,0.004136
35.99,0.005595
36,0.006933
36.01,0.00813
36.02,0.009165
36.03,0.010022
36.04,0.010687
36.05,0.011149
36.06,0.011401
36.07,0.011439
36.08,0.011262
36.09,0.010875
36.1,0.010285
36.11,0.009502
36.12,0.008543
36.13,0.007424
36.14,0.006169
36.15,0.004802
36.16,0.00335
36.17,0.001843
36.18,0.000312
36.19,-0.00121
36.2,-0.00269
36.21,-0.004095
36.22,-0.005392
36.23,-0.00655
36.24,-0.007541
36.25,-0.008338
36.26,-0.008918
36.27,-0.009262
36.28,-0.009355
36.29,-0.009188
36.3,-0.008756
36.31,-0.008061
36.32,-0.007108
36.33,-0.00591
36.34,-0.004486
36.35,-0.002858
36.36,-0.001055
36.37,0.00089
36.38,0.002941
36.39,0.005057
36.4,0.007196
36.41,0.009315
36.42,0.011367
36.43,0.01331
36.44,0.015099
36.45,0.016696
36.46,0.018061
36.47,0.019164
36.48,0.019975
36.49,0.020473
36.5,0.020644
36.51,0.020478
36.52,0.019975
36.53,0.019141
36.54,0.017992
36.55,0.016549
36.56,0.014841
36.57,0.012904
36.58,0.01078
36.59,0.008515
36.6,0.00616
36.61,0.00377
36.62,0.001399
36.63,-0.000894
36.64,-0.003054
36.65,-0.005028
36.66,-0.006763
36.67,-0.008214
36.68,-0.009338
36.69,-0.010102
36.7,-0.010478
36.71,-0.010446
36.72,-0.009997
36.73,-0.009128
36.74,-0.007848
36.75,-0.006173
36.76,-0.004128
36.77,-0.001748
36.78,0.000926
36.79,0.003846
36.8,0.006956
36.81,0.010197
36.82,0.013508
36.83,0.016823
36.84,0.020076
36.85,0.023203
36.86,0.026142
36.87,0.028832
36.88,0.031219
36.89,0.033255
36.9,0.034897
36.91,0.036113
36.92,0.036876
36.93,0.037169
36.94,0.036986
36.95,0.03633
36.96,0.03521
36.97,0.033649
36.98,0.031674
36.99,0.029323
37,0.026638
37.01,0.023669
37.02,0.020469
37.03,0.017096
37.04,0.01361
37.05,0.010069
37.06,0.006535
37.07,0.003065
37.08,-0.000285
37.09,-0.003464
37.1,-0.006426
37.11,-0.009131
37.12,-0.011544
37.13,-0.013639
37.14,-0.015395
37.15,-0.016802
37.16,-0.017854
37.17,-0.018554
37.18,-0.018912
37.19,-0.018943
37.2,-0.01867
37.21,-0.018119
37.22,-0.017321
37.23,-0.01631
37.24,-0.015121
37.25,-0.013794
37.26,-0.012364
37.27,-0.01087
37.28,-0.009346
37.29,-0.007826
37.3,-0.00634
37.31,-0.004914
37.32,-0.003571
37.33,-0.002329
37.34,-0.001202
37.35,-0.000198
37.36,0.000678
37.37,0.001425
37.38,0.002048
37.39,0.002554
37.4,0.002954
37.41,0.003259
37.42,0.003485
37.43,0.003647
37.44,0.003762
37.45,0.003847
37.46,0.003916
37.47,0.003985
37.48,0.004065
37.49,0.004168
37.5,0.004302
37.51,0.004471
37.52,0.004679
37.53,0.004925
37.54,0.005206
37.55,0.005517
37.56,0.005849
37.57,0.006192
37.58,0.006535
37.59,0.006864
37.6,0.007166
37.61,0.007426
37.62,0.00763
37.63,0.007765
37.64,0.007818
37.65,0.007777
37.66,0.007635
37.67,0.007383
37.68,0.007017
37.69,0.006535
37.7,0.005936
37.71,0.005224
37.72,0.004403
37.73,0.00348
37.74,0.002467
37.75,0.001374
37.76,0.000214
37.77,-0.000998
37.78,-0.002246
37.79,-0.003514
37.8,-0.004786
37.81,-0.006046
37.82,-0.007277
37.83,-0.008465
37.84,-0.009595
37.85,-0.010653
37.86,-0.011629
37.87,-0.012511
37.88,-0.013291
37.89,-0.013961
37.9,-0.014516
37.91,-0.014951
37.92,-0.015264
37.93,-0.015452
37.94,-0.015517
37.95,-0.015458
37.96,-0.015278
37.97,-0.01498
37.98,-0.014567
37.99,-0.014043
38,-0.013414
38.01,-0.012685
38.02,-0.011863
38.03,-0.010955
38.04,-0.009969
38.05,-0.008912
38.06,-0.007795
38.07,-0.006628
38.08,-0.005422
38.09,-0.00419
38.1,-0.002944
38.11,-0.001701
38.12,-0.000474
38.13,0.000717
38.14,0.001857
38.15,0.002926
38.16,0.003906
38.17,0.004775
38.18,0.005516
38.19,0.006109
38.2,0.006536
38.21,0.006779
38.22,0.006824
38.23,0.006657
38.24,0.006268
38.25,0.00565
38.26,0.0048
38.27,0.003717
38.28,0.002408
38.29,0.000881
38.3,-0.000849
38.31,-0.002762
38.32,-0.004836
38.33,-0.00704
38.34,-0.009343
38.35,-0.011707
38.36,-0.014092
38.37,-0.016457
38.38,-0.018755
38.39,-0.020942
38.4,-0.022972
38.41,-0.024801
38.42,-0.026385
38.43,-0.027684
38.44,-0.028663
38.45,-0.029292
38.46,-0.029543
38.47,-0.0294
38.48,-0.02885
38.49,-0.02789
38.5,-0.026525
38.51,-0.024766
38.52,-0.022635
38.53,-0.020161
38.54,-0.017379
38.55,-0.014335
38.56,-0.011077
38.57,-0.007661
38.58,-0.004145
38.59,-0.000593
38.6,0.002932
38.61,0.006365
38.62,0.009643
38.63,0.012706
38.64,0.015496
38.65,0.017963
38.66,0.020061
38.67,0.021752
38.68,0.023006
38.69,0.023805
38.7,0.024137
38.71,0.024002
38.72,0.023409
38.73,0.022376
38.74,0.020932
38.75,0.019115
38.76,0.016967
38.77,0.014542
38.78,0.011894
38.79,0.009086
38.8,0.006179
38.81,0.003238
38.82,0.000326
38.83,-0.002495
38.84,-0.005168
38.85,-0.007641
38.86,-0.009867
38.87,-0.011809
38.88,-0.013435
38.89,-0.014726
38.9,-0.015669
38.91,-0.016263
38.92,-0.016516
38.93,-0.016445
38.94,-0.016077
38.95,-0.015445
38.96,-0.01459
38.97,-0.01356
38.98,-0.012404
38.99,-0.011178
39,-0.009936
39.01,-0.008732
39.02,-0.00762
39.03,-0.006649
39.04,-0.005863
39.05,-0.0053
39.06,-0.004992
39.07,-0.00496
39.08,-0.005219
39.09,-0.005771
39.1,-0.006612
39.11,-0.007727
39.12,-0.00909
39.13,-0.01067
39.14,-0.012425
39.15,-0.014309
39.16,-0.01627
39.17,-0.018251
39.18,-0.020193
39.19,-0.022039
39.2,-0.023731
39.21,-0.025213
39.22,-0.026435
39.23,-0.027353
39.24,-0.027928
39.25,-0.028133
39.26,-0.027948
39.27,-0.027363
39.28,-0.026379
39.29,-0.025007
39.3,-0.023271
39.31,-0.021201
39.32,-0.01884
39.33,-0.016236
39.34,-0.013448
39.35,-0.010536
39.36,-0.007569
39.37,-0.004615
39.38,-0.001744
39.39,0.000977
39.4,0.00348
39.41,0.005706
39.42,0.0076
39.43,0.009115
39.44,0.010215
39.45,0.01087
39.46,0.011065
39.47,0.010795
39.48,0.010064
39.49,0.008891
39.5,0.007304
39.51,0.005342
39.52,0.003052
39.53,0.000491
39.54,-0.002279
39.55,-0.005191
39.56,-0.008174
39.57,-0.011157
39.58,-0.014066
39.59,-0.016834
39.6,-0.019394
39.61,-0.021687
39.62,-0.023662
39.63,-0.025274
39.64,-0.026489
39.65,-0.027283
39.66,-0.027644
39.67,-0.02757
39.68,-0.02707
39.69,-0.026164
39.7,-0.024884
39.71,-0.023267
39.72,-0.021362
39.73,-0.019223
39.74,-0.016908
39.75,-0.014479
39.76,-0.012001
39.77,-0.009538
39.78,-0.007152
39.79,-0.004901
39.8,-0.002838
39.81,-0.00101
39.82,0.000544
39.83,0.001794
39.84,0.002719
39.85,0.003308
39.86,0.003561
39.87,0.003487
39.88,0.003106
39.89,0.002444
39.9,0.001538
39.91,0.000429
39.92,-0.000833
39.93,-0.002197
39.94,-0.003608
39.95,-0.005012
39.96,-0.006354
39.97,-0.007583
39.98,-0.008652
39.99,-0.009519
40,-0.010148
40.01,-0.010514
40.02,-0.010597
40.03,-0.010389
40.04,-0.009889
40.05,-0.009109
40.06,-0.008068
40.07,-0.006793
40.08,-0.00532
40.09,-0.003693
40.1,-0.001959
40.11,-0.000171
40.12,0.001615
40.13,0.003344
40.14,0.004959
40.15,0.006408
40.16,0.007641
40.17,0.008613
40.18,0.009288
40.19,0.009636
40.2,0.009637
40.21,0.009278
40.22,0.008559
40.23,0.007489
40.24,0.006086
40.25,0.004377
40.26,0.002401
40.27,0.000201
40.28,-0.002172
40.29,-0.004662
40.3,-0.007207
40.31,-0.009746
40.32,-0.012217
40.33,-0.014558
40.34,-0.016711
40.35,-0.018623
40.36,-0.020246
40.37,-0.021541
40.38,-0.022477
40.39,-0.023031
40.4,-0.023192
40.41,-0.02296
40.42,-0.022343
40.43,-0.021361
40.44,-0.020045
40.45,-0.018433
40.46,-0.016571
40.47,-0.014513
40.48,-0.012317
40.49,-0.010048
40.5,-0.007768
40.51,-0.005542
40.52,-0.003435
40.53,-0.001506
40.54,0.000189
40.55,0.001602
40.56,0.002691
40.57,0.003424
40.58,0.003778
40.59,0.003741
40.6,0.003312
40.61,0.002499
40.62,0.001323
40.63,-0.000187
40.64,-0.001991
40.65,-0.004043
40.66,-0.006287
40.67,-0.008664
40.68,-0.011111
40.69,-0.01356
40.7,-0.015945
40.71,-0.018201
40.72,-0.020266
40.73,-0.022081
40.74,-0.023595
40.75,-0.024764
40.76,-0.025551
40.77,-0.025932
40.78,-0.02589
40.79,-0.025419
40.8,-0.024527
40.81,-0.023228
40.82,-0.02155
40.83,-0.019528
40.84,-0.017207
40.85,-0.014638
40.86,-0.01188
40.87,-0.008996
40.88,-0.00605
40.89,-0.003109
40.9,-0.000242
40.91,0.002489
40.92,0.005022
40.93,0.0073
40.94,0.009273
40.95,0.0109
40.96,0.012146
40.97,0.012986
40.98,0.013405
40.99,0.013397
41,0.012968
41.01,0.01213
41.02,0.010907
41.03,0.009329
41.04,0.007437
41.05,0.005273
41.06,0.002889
41.07,0.000339
41.08,-0.002323
41.09,-0.005038
41.1,-0.00775
41.11,-0.010405
41.12,-0.01295
41.13,-0.015338
41.14,-0.017526
41.15,-0.019479
41.16,-0.021166
41.17,-0.022566
41.18,-0.023663
41.19,-0.02445
41.2,-0.024926
41.21,-0.025099
41.22,-0.024982
41.23,-0.024594
41.24,-0.023959
41.25,-0.023106
41.26,-0.022067
41.27,-0.020876
41.28,-0.019567
41.29,-0.018176
41.3,-0.016738
41.31,-0.015284
41.32,-0.013847
41.33,-0.012452
41.34,-0.011123
41.35,-0.00988
41.36,-0.008738
41.37,-0.007708
41.38,-0.006794
41.39,-0.006001
41.4,-0.005324
41.41,-0.004758
41.42,-0.004296
41.43,-0.003924
41.44,-0.003631
41.45,-0.003402
41.46,-0.003222
41.47,-0.003076
41.48,-0.00295
41.49,-0.002832
41.5,-0.002711
41.51,-0.002578
41.52,-0.002426
41.53,-0.002251
41.54,-0.002053
41.55,-0.001832
41.56,-0.001593
41.57,-0.001341
41.58,-0.001084
41.59,-0.000832
41.6,-0.000594
41.61,-0.000381
41.62,-0.000204
41.63,-0.000072
41.64,0.000005
41.65,0.000019
41.66,-0.000033
41.67,-0.000157
41.68,-0.000353
41.69,-0.000619
41.7,-0.000952
41.71,-0.001345
41.72,-0.001789
41.73,-0.002274
41.74,-0.002787
41.75,-0.003315
41.76,-0.003843
41.77,-0.004358
41.78,-0.004844
41.79,-0.00529
41.8,-0.005683
41.81,-0.006014
41.82,-0.006277
41.83,-0.006467
41.84,-0.006583
41.85,-0.006628
41.86,-0.006607
41.87,-0.00653
41.88,-0.006407
41.89,-0.006255
41.9,-0.00609
41.91,-0.005932
41.92,-0.005801
41.93,-0.005718
41.94,-0.005704
41.95,-0.005779
41.96,-0.005961
41.97,-0.006267
41.98,-0.006708
41.99,-0.007294
42,-0.00803
42.01,-0.008916
42.02,-0.009947
42.03,-0.011112
42.04,-0.012397
42.05,-0.013781
42.06,-0.01524
42.07,-0.016742
42.08,-0.018257
42.09,-0.019747
42.1,-0.021176
42.11,-0.022503
42.12,-0.023691
42.13,-0.024701
42.14,-0.025498
42.15,-0.026048
42.16,-0.026325
42.17,-0.026304
42.18,-0.025969
42.19,-0.025309
42.2,-0.024321
42.21,-0.02301
42.22,-0.021389
42.23,-0.019477
42.24,-0.017303
42.25,-0.014901
42.26,-0.012314
42.27,-0.009589
42.28,-0.006777
42.29,-0.003934
42.3,-0.001119
42.31,0.001609
42.32,0.004192
42.33,0.006573
42.34,0.008698
42.35,0.010518
42.36,0.01199
42.37,0.013077
42.38,0.013751
42.39,0.013992
42.4,0.01379
42.41,0.013145
42.42,0.012067
42.43,0.010574
42.44,0.008695
42.45,0.006468
42.46,0.00394
42.47,0.001162
42.48,-0.001805
42.49,-0.004899
42.5,-0.008053
42.51,-0.011198
42.52,-0.014266
42.53,-0.01719
42.54,-0.019907
42.55,-0.022357
42.56,-0.024489
42.57,-0.026255
42.58,-0.027619
42.59,-0.028553
42.6,-0.029039
42.61,-0.029069
42.62,-0.028646
42.63,-0.027782
42.64,-0.026502
42.65,-0.024836
42.66,-0.022827
42.67,-0.020523
42.68,-0.017979
42.69,-0.015255
42.7,-0.012414
42.71,-0.009522
42.72,-0.006645
42.73,-0.003848
42.74,-0.001192
42.75,0.001264
42.76,0.003469
42.77,0.005377
42.78,0.00695
42.79,0.008159
42.8,0.008984
42.81,0.009416
42.82,0.009453
42.83,0.009105
42.84,0.00839
42.85,0.007336
42.86,0.005977
42.87,0.004356
42.88,0.002521
42.89,0.000523
42.9,-0.00158
42.91,-0.003733
42.92,-0.005875
42.93,-0.007951
42.94,-0.009907
42.95,-0.01169
42.96,-0.013256
42.97,-0.014564
42.98,-0.015581
42.99,-0.016282
43,-0.016649
43.01,-0.016674
43.02,-0.016356
43.03,-0.015703
43.04,-0.01473
43.05,-0.013461
43.06,-0.011927
43.07,-0.010163
43.08,-0.008211
43.09,-0.006117
43.1,-0.003928
43.11,-0.001694
43.12,0.000535
43.13,0.002709
43.14,0.004781
43.15,0.006706
43.16,0.008444
43.17,0.009959
43.18,0.011221
43.19,0.012205
43.2,0.012893
43.21,0.013276
43.22,0.013349
43.23,0.013114
43.24,0.01258
43.25,0.011763
43.26,0.010684
43.27,0.009368
43.28,0.007845
43.29,0.006149
43.3,0.004317
43.31,0.002386
43.32,0.000394
43.33,-0.001618
43.34,-0.003612
43.35,-0.005552
43.36,-0.007404
43.37,-0.009134
43.38,-0.010714
43.39,-0.012119
43.4,-0.013327
43.41,-0.014322
43.42,-0.01509
43.43,-0.015622
43.44,-0.015914
43.45,-0.015963
43.46,-0.015774
43.47,-0.015352
43.48,-0.014705
43.49,-0.013844
43.5,-0.012784
43.51,-0.011539
43.52,-0.010126
43.53,-0.008563
43.54,-0.006868
43.55,-0.00506
43.56,-0.003158
43.57,-0.001181
43.58,0.000851
43.59,0.002921
43.6,0.005008
43.61,0.007095
43.62,0.009164
43.63,0.011197
43.64,0.013176
43.65,0.015082
43.66,0.016899
43.67,0.018607
43.68,0.020191
43.69,0.021631
43.7,0.022909
43.71,0.024009
43.72,0.024913
43.73,0.025605
43.74,0.026068
43.75,0.026287
43.76,0.026251
43.77,0.025946
43.78,0.025365
43.79,0.0245
43.8,0.023349
43.81,0.02191
43.82,0.020189
43.83,0.018191
43.84,0.015931
43.85,0.013423
43.86,0.010689
43.87,0.007755
43.88,0.00465
43.89,0.001409
43.9,-0.00193
43.91,-0.005326
43.92,-0.008734
43.93,-0.012107
43.94,-0.015397
43.95,-0.018554
43.96,-0.02153
43.97,-0.024275
43.98,-0.026742
43.99,-0.02889
44,-0.030676
44.01,-0.032065
44.02,-0.033028
44.03,-0.033539
44.04,-0.033582
44.05,-0.033146
44.06,-0.03223
44.07,-0.030838
44.08,-0.028985
44.09,-0.026692
44.1,-0.02399
44.11,-0.020916
44.12,-0.017514
44.13,-0.013836
44.14,-0.009939
44.15,-0.005883
44.16,-0.001733
44.17,0.002441
44.18,0.006573
44.19,0.010591
44.2,0.014428
44.21,0.018018
44.22,0.021298
44.23,0.024212
44.24,0.026706
44.25,0.028736
44.26,0.030264
44.27,0.031261
44.28,0.031707
44.29,0.031591
44.3,0.030911
44.31,0.029678
44.32,0.027908
44.33,0.025628
44.34,0.022876
44.35,0.019696
44.36,0.016139
44.37,0.012264
44.38,0.008134
44.39,0.003819
44.4,-0.00061
44.41,-0.005081
44.42,-0.009518
44.43,-0.013849
44.44,-0.018003
44.45,-0.02191
44.46,-0.025507
44.47,-0.028736
44.48,-0.031544
44.49,-0.033886
44.5,-0.035727
44.51,-0.037037
44.52,-0.037798
44.53,-0.037999
44.54,-0.037639
44.55,-0.036728
44.56,-0.035282
44.57,-0.033328
44.58,-0.0309
44.59,-0.02804
44.6,-0.024796
44.61,-0.021222
44.62,-0.017376
44.63,-0.013322
44.64,-0.009122
44.65,-0.004845
44.66,-0.000555
44.67,0.003681
44.68,0.0078
44.69,0.011742
44.7,0.01545
44.71,0.018874
44.72,0.021968
44.73,0.024693
44.74,0.027017
44.75,0.028916
44.76,0.030372
44.77,0.031378
44.78,0.031932
44.79,0.032042
44.8,0.03172
44.81,0.03099
44.82,0.029878
44.83,0.028419
44.84,0.026652
44.85,0.024619
44.86,0.022368
44.87,0.019948
44.88,0.017408
44.89,0.014801
44.9,0.012177
44.91,0.009584
44.92,0.007071
44.93,0.004679
44.94,0.002449
44.95,0.000415
44.96,-0.001393
44.97,-0.002951
44.98,-0.004243
44.99,-0.005256
45,-0.005985
45.01,-0.006433
45.02,-0.006607
45.03,-0.00652
45.04,-0.006192
45.05,-0.005645
45.06,-0.004908
45.07,-0.004012
45.08,-0.002992
45.09,-0.001882
45.1,-0.00072
45.11,0.000458
45.12,0.001615
45.13,0.002719
45.14,0.003737
45.15,0.004641
45.16,0.005408
45.17,0.006018
45.18,0.006456
45.19,0.006713
45.2,0.006786
45.21,0.006678
45.22,0.006396
45.23,0.005952
45.24,0.005367
45.25,0.004661
45.26,0.003862
45.27,0.003
45.28,0.002108
45.29,0.001219
45.3,0.000368
45.31,-0.00041
45.32,-0.001081
45.33,-0.001614
45.34,-0.001981
45.35,-0.002157
45.36,-0.002122
45.37,-0.001861
45.38,-0.001364
45.39,-0.000629
45.4,0.000342
45.41,0.001538
45.42,0.002944
45.43,0.004538
45.44,0.006291
45.45,0.008171
45.46,0.01014
45.47,0.012155
45.48,0.014173
45.49,0.016146
45.5,0.018028
45.51,0.01977
45.52,0.021327
45.53,0.022655
45.54,0.023713
45.55,0.024466
45.56,0.024882
45.57,0.024937
45.58,0.024614
45.59,0.023901
45.6,0.022797
45.61,0.021307
45.62,0.019443
45.63,0.017228
45.64,0.01469
45.65,0.011865
45.66,0.008795
45.67,0.005529
45.68,0.002119
45.69,-0.001378
45.7,-0.004902
45.71,-0.008393
45.72,-0.01179
45.73,-0.015033
45.74,-0.018062
45.75,-0.020825
45.76,-0.02327
45.77,-0.025352
45.78,-0.027033
45.79,-0.028281
45.8,-0.029071
45.81,-0.029389
45.82,-0.029226
45.83,-0.028583
45.84,-0.02747
45.85,-0.025904
45.86,-0.02391
45.87,-0.021521
45.88,-0.018775
45.89,-0.015718
45.9,-0.012399
45.91,-0.008871
45.92,-0.005191
45.93,-0.001416
45.94,0.002395
45.95,0.006183
45.96,0.009892
45.97,0.013468
45.98,0.016859
45.99,0.020019
46,0.022904
46.01,0.02548
46.02,0.027713
46.03,0.029581
46.04,0.031063
46.05,0.032148
46.06,0.03283
46.07,0.03311
46.08,0.032992
46.09,0.03249
46.1,0.031619
46.11,0.030401
46.12,0.028861
46.13,0.027026
46.14,0.024928
46.15,0.0226
46.16,0.020076
46.17,0.017391
46.18,0.014582
46.19,0.011684
46.2,0.008732
46.21,0.005759
46.22,0.0028
46.23,-0.000116
46.24,-0.002959
46.25,-0.005701
46.26,-0.008316
46.27,-0.010781
46.28,-0.013075
46.29,-0.015177
46.3,-0.01707
46.31,-0.018738
46.32,-0.020167
46.33,-0.021346
46.34,-0.022263
46.35,-0.022912
46.36,-0.023284
46.37,-0.023375
46.38,-0.023183
46.39,-0.022707
46.4,-0.021948
46.41,-0.020909
46.42,-0.019597
46.43,-0.018019
46.44,-0.016188
46.45,-0.014117
46.46,-0.011822
46.47,-0.009324
46.48,-0.006643
46.49,-0.003806
46.5,-0.000841
46.51,0.002223
46.52,0.005353
46.53,0.008515
46.54,0.011672
46.55,0.014787
46.56,0.017823
46.57,0.020742
46.58,0.023506
46.59,0.02608
46.6,0.028429
46.61,0.03052
46.62,0.032326
46.63,0.033821
46.64,0.034984
46.65,0.035799
46.66,0.036253
46.67,0.036342
46.68,0.036065
46.69,0.035426
46.7,0.034438
46.71,0.033117
46.72,0.031484
46.73,0.029567
46.74,0.027398
46.75,0.025012
46.76,0.022448
46.77,0.019748
46.78,0.016955
46.79,0.014113
46.8,0.011267
46.81,0.008462
46.82,0.005739
46.83,0.003139
46.84,0.000699
46.85,-0.001548
46.86,-0.003573
46.87,-0.00535
46.88,-0.006862
46.89,-0.008093
46.9,-0.009035
46.91,-0.009686
46.92,-0.010048
46.93,-0.010127
46.94,-0.009936
46.95,-0.009491
46.96,-0.008812
46.97,-0.007921
46.98,-0.006844
46.99,-0.005608
47,-0.004239
47.01,-0.002766
47.02,-0.001216
47.03,0.000384
47.04,0.002011
47.05,0.003641
47.06,0.005254
47.07,0.006835
47.08,0.008368
47.09,0.009843
47.1,0.011253
47.11,0.012591
47.12,0.013857
47.13,0.015049
47.14,0.016171
47.15,0.017226
47.16,0.018219
47.17,0.019153
47.18,0.020036
47.19,0.02087
47.2,0.02166
47.21,0.022408
47.22,0.023112
47.23,0.023773
47.24,0.024385
47.25,0.024943
47.26,0.025437
47.27,0.025858
47.28,0.026192
47.29,0.026427
47.3,0.026546
47.31,0.026536
47.32,0.026381
47.33,0.026067
47.34,0.025581
47.35,0.024914
47.36,0.024057
47.37,0.023006
47.38,0.021761
47.39,0.020326
47.4,0.01871
47.41,0.016926
47.42,0.014993
47.43,0.012935
47.44,0.010779
47.45,0.008559
47.46,0.006311
47.47,0.004074
47.48,0.00189
47.49,-0.000199
47.5,-0.002147
47.51,-0.003913
47.52,-0.005455
47.53,-0.006734
47.54,-0.007716
47.55,-0.00837
47.56,-0.008672
47.57,-0.008605
47.58,-0.008159
47.59,-0.007332
47.6,-0.006128
47.61,-0.004563
47.62,-0.002659
47.63,-0.000447
47.64,0.002034
47.65,0.004738
47.66,0.007615
47.67,0.010606
47.68,0.01365
47.69,0.016683
47.7,0.01964
47.71,0.022455
47.72,0.025063
47.73,0.027405
47.74,0.029422
47.75,0.031065
47.76,0.032288
47.77,0.033056
47.78,0.033342
47.79,0.033128
47.8,0.032407
47.81,0.031182
47.82,0.029468
47.83,0.027288
47.84,0.024676
47.85,0.021675
47.86,0.018337
47.87,0.01472
47.88,0.010888
47.89,0.006911
47.9,0.00286
47.91,-0.001192
47.92,-0.005172
47.93,-0.009008
47.94,-0.012633
47.95,-0.015984
47.96,-0.019004
47.97,-0.021644
47.98,-0.023863
47.99,-0.025629
48,-0.026921
48.01,-0.027726
48.02,-0.028044
48.03,-0.027882
48.04,-0.02726
48.05,-0.026204
48.06,-0.024749
48.07,-0.02294
48.08,-0.020825
48.09,-0.018457
48.1,-0.015893
48.11,-0.013194
48.12,-0.010418
48.13,-0.007624
48.14,-0.004868
48.15,-0.002204
48.16,0.000321
48.17,0.002665
48.18,0.004792
48.19,0.006673
48.2,0.008289
48.21,0.009627
48.22,0.010681
48.23,0.011454
48.24,0.011958
48.25,0.012208
48.26,0.012229
48.27,0.012046
48.28,0.011693
48.29,0.011203
48.3,0.010613
48.31,0.009961
48.32,0.009281
48.33,0.008609
48.34,0.007976
48.35,0.007411
48.36,0.006936
48.37,0.006571
48.38,0.006328
48.39,0.006215
48.4,0.006233
48.41,0.006378
48.42,0.00664
48.43,0.007005
48.44,0.007453
48.45,0.007962
48.46,0.008507
48.47,0.009061
48.48,0.009595
48.49,0.010083
48.5,0.010498
48.51,0.010816
48.52,0.011017
48.53,0.011082
48.54,0.010999
48.55,0.010761
48.56,0.010367
48.57,0.009819
48.58,0.009128
48.59,0.008307
48.6,0.007377
48.61,0.006363
48.62,0.005293
48.63,0.004199
48.64,0.003115
48.65,0.002076
48.66,0.001119
48.67,0.000278
48.68,-0.000413
48.69,-0.000925
48.7,-0.001232
48.71,-0.001311
48.72,-0.001146
48.73,-0.000728
48.74,-0.000053
48.75,0.000877
48.76,0.002051
48.77,0.003453
48.78,0.00506
48.79,0.006843
48.8,0.008767
48.81,0.010793
48.82,0.01288
48.83,0.014982
48.84,0.017053
48.85,0.019047
48.86,0.020916
48.87,0.022619
48.88,0.024113
48.89,0.025363
48.9,0.026337
48.91,0.02701
48.92,0.027363
48.93,0.027384
48.94,0.02707
48.95,0.026424
48.96,0.025456
48.97,0.024184
48.98,0.022635
48.99,0.020838
49,0.018832
49.01,0.016656
49.02,0.014356
49.03,0.011979
49.04,0.009574
49.05,0.007191
49.06,0.004877
49.07,0.002679
49.08,0.000639
49.09,-0.001204
49.1,-0.002815
49.11,-0.004167
49.12,-0.005238
49.13,-0.006011
49.14,-0.006479
49.15,-0.006641
49.16,-0.006502
49.17,-0.006074
49.18,-0.005375
49.19,-0.004431
49.2,-0.003269
49.21,-0.001924
49.22,-0.000431
49.23,0.001168
49.24,0.002835
49.25,0.004528
49.26,0.006206
49.27,0.00783
49.28,0.009363
49.29,0.01077
49.3,0.012022
49.31,0.013092
49.32,0.013959
49.33,0.014605
49.34,0.015021
49.35,0.015198
49.36,0.015137
49.37,0.014841
49.38,0.014318
49.39,0.013582
49.4,0.012648
49.41,0.011536
49.42,0.010268
49.43,0.00887
49.44,0.007365
49.45,0.005782
49.46,0.004146
49.47,0.002484
49.48,0.000822
49.49,-0.000816
49.5,-0.002407
49.51,-0.003929
49.52,-0.005364
49.53,-0.006695
49.54,-0.007907
49.55,-0.008987
49.56,-0.009926
49.57,-0.010715
49.58,-0.011348
49.59,-0.01182
49.6,-0.012129
49.61,-0.012273
49.62,-0.012251
49.63,-0.012065
49.64,-0.011716
49.65,-0.011207
49.66,-0.010542
49.67,-0.009724
49.68,-0.008759
49.69,-0.007653
49.7,-0.006414
49.71,-0.005049
49.72,-0.003568
49.73,-0.001983
49.74,-0.000305
49.75,0.001449
49.76,0.003265
49.77,0.005123
49.78,0.007004
49.79,0.008885
49.8,0.010743
49.81,0.012552
49.82,0.014285
49.83,0.015915
49.84,0.017413
49.85,0.018751
49.86,0.019901
49.87,0.020837
49.88,0.021531
49.89,0.021963
49.9,0.022112
49.91,0.021961
49.92,0.0215
49.93,0.020719
49.94,0.019618
49.95,0.0182
49.96,0.016474
49.97,0.014457
49.98,0.012169
49.99,0.009638
50,0.006897